<?xml version="1.0" encoding="UTF-8"?>
<gpx version="1.1" creator="Rutas Jard Enduro" xmlns="http://www.topografix.com/GPX/1/1">
  <trk>
    <name>Sabado_2_70km</name>
    <trkseg>
      <trkpt lat="43.20556477907631" lon="-4.046988573077836"></trkpt>
      <trkpt lat="43.20553379554804" lon="-4.046494915967945"></trkpt>
      <trkpt lat="43.20559818409394" lon="-4.046355193322542"></trkpt>
      <trkpt lat="43.20574315776226" lon="-4.046325834814956"></trkpt>
      <trkpt lat="43.20575489983273" lon="-4.046318783657359"></trkpt>
      <trkpt lat="43.20586712544398" lon="-4.046231581078511"></trkpt>
      <trkpt lat="43.20588718719127" lon="-4.046218038144866"></trkpt>
      <trkpt lat="43.20604931561761" lon="-4.046049715157238"></trkpt>
      <trkpt lat="43.20605593640899" lon="-4.046045339516438"></trkpt>
      <trkpt lat="43.2060651886938" lon="-4.046031836274314"></trkpt>
      <trkpt lat="43.20619731084535" lon="-4.045879592904863"></trkpt>
      <trkpt lat="43.2062075723512" lon="-4.045875909693387"></trkpt>
      <trkpt lat="43.2064111103815" lon="-4.045724451814319"></trkpt>
      <trkpt lat="43.20642264003739" lon="-4.045715039215998"></trkpt>
      <trkpt lat="43.20661427299193" lon="-4.045579492165155"></trkpt>
      <trkpt lat="43.20662660690327" lon="-4.045572145651227"></trkpt>
      <trkpt lat="43.20683495464805" lon="-4.045488539877693"></trkpt>
      <trkpt lat="43.20708623879879" lon="-4.045400918627568"></trkpt>
      <trkpt lat="43.2073510214448" lon="-4.045312900620305"></trkpt>
      <trkpt lat="43.20736799473683" lon="-4.045307686109851"></trkpt>
      <trkpt lat="43.20740505401331" lon="-4.045281032544486"></trkpt>
      <trkpt lat="43.20770465045592" lon="-4.045193017085975"></trkpt>
      <trkpt lat="43.20771113899362" lon="-4.045189497693128"></trkpt>
      <trkpt lat="43.20793868633405" lon="-4.045133454129668"></trkpt>
      <trkpt lat="43.20811844047843" lon="-4.045033228519666"></trkpt>
      <trkpt lat="43.20831894473341" lon="-4.04500490047074"></trkpt>
      <trkpt lat="43.20849416794441" lon="-4.044753468457401"></trkpt>
      <trkpt lat="43.20850148017096" lon="-4.04474193762657"></trkpt>
      <trkpt lat="43.20868148455319" lon="-4.044385871575667"></trkpt>
      <trkpt lat="43.20869276213192" lon="-4.044366504247286"></trkpt>
      <trkpt lat="43.20885183514365" lon="-4.043959591168823"></trkpt>
      <trkpt lat="43.20901876830258" lon="-4.043600991806448"></trkpt>
      <trkpt lat="43.20917390436386" lon="-4.043328354771391"></trkpt>
      <trkpt lat="43.20927161661421" lon="-4.043119318790356"></trkpt>
      <trkpt lat="43.2092847761235" lon="-4.043095763740845"></trkpt>
      <trkpt lat="43.20936966551341" lon="-4.042675294907414"></trkpt>
      <trkpt lat="43.20937954737632" lon="-4.042640968185289"></trkpt>
      <trkpt lat="43.20945539380048" lon="-4.041958786738907"></trkpt>
      <trkpt lat="43.20952785903954" lon="-4.041312877174294"></trkpt>
      <trkpt lat="43.20952921430704" lon="-4.041295887574806"></trkpt>
      <trkpt lat="43.20952270966426" lon="-4.040772697554619"></trkpt>
      <trkpt lat="43.20953123842015" lon="-4.040745217048109"></trkpt>
      <trkpt lat="43.20955875858481" lon="-4.040199575787624"></trkpt>
      <trkpt lat="43.20955739966779" lon="-4.040182015959792"></trkpt>
      <trkpt lat="43.20946556791339" lon="-4.039608010137698"></trkpt>
      <trkpt lat="43.20946088125977" lon="-4.039582816244577"></trkpt>
      <trkpt lat="43.20921694087168" lon="-4.038854367410104"></trkpt>
      <trkpt lat="43.2090619482886" lon="-4.038254201161205"></trkpt>
      <trkpt lat="43.20893284660173" lon="-4.037680286346453"></trkpt>
      <trkpt lat="43.20892984325583" lon="-4.037665246485846"></trkpt>
      <trkpt lat="43.20879876789445" lon="-4.037078328124495"></trkpt>
      <trkpt lat="43.20876471026492" lon="-4.036406316094822"></trkpt>
      <trkpt lat="43.20876221041925" lon="-4.036399689826857"></trkpt>
      <trkpt lat="43.20875772854463" lon="-4.035908329633794"></trkpt>
      <trkpt lat="43.20876006003218" lon="-4.035882552163466"></trkpt>
      <trkpt lat="43.20877110152195" lon="-4.035344996503611"></trkpt>
      <trkpt lat="43.20873570434719" lon="-4.034253560914074"></trkpt>
      <trkpt lat="43.20873559508278" lon="-4.034230908922302"></trkpt>
      <trkpt lat="43.20873164206553" lon="-4.033650639216556"></trkpt>
      <trkpt lat="43.20870355254149" lon="-4.033105976127016"></trkpt>
      <trkpt lat="43.20870393885109" lon="-4.033079596923964"></trkpt>
      <trkpt lat="43.20868123157433" lon="-4.032539759031806"></trkpt>
      <trkpt lat="43.20867498309407" lon="-4.032094153975402"></trkpt>
      <trkpt lat="43.2086750076799" lon="-4.032078546644914"></trkpt>
      <trkpt lat="43.20868085420419" lon="-4.031556722299669"></trkpt>
      <trkpt lat="43.20868080972565" lon="-4.031530309111383"></trkpt>
      <trkpt lat="43.20866305247512" lon="-4.031161522553072"></trkpt>
      <trkpt lat="43.20867862964636" lon="-4.030743171841938"></trkpt>
      <trkpt lat="43.20865112713047" lon="-4.030609420363706"></trkpt>
      <trkpt lat="43.20863722125492" lon="-4.030607454086354"></trkpt>
      <trkpt lat="43.20836584234464" lon="-4.030791566366617"></trkpt>
      <trkpt lat="43.20818690783818" lon="-4.030988662440757"></trkpt>
      <trkpt lat="43.20781871239888" lon="-4.03129796630309"></trkpt>
      <trkpt lat="43.20735151244563" lon="-4.031567357775759"></trkpt>
      <trkpt lat="43.20682648663558" lon="-4.031813068264585"></trkpt>
      <trkpt lat="43.20633355613152" lon="-4.031891836403206"></trkpt>
      <trkpt lat="43.20574615447553" lon="-4.031829183024032"></trkpt>
      <trkpt lat="43.20510005998219" lon="-4.031651352429542"></trkpt>
      <trkpt lat="43.20467508410305" lon="-4.031514152515332"></trkpt>
      <trkpt lat="43.2043221607274" lon="-4.031280429489329"></trkpt>
      <trkpt lat="43.20405014082864" lon="-4.031079861813062"></trkpt>
      <trkpt lat="43.20403299162508" lon="-4.031070560443327"></trkpt>
      <trkpt lat="43.20361200261894" lon="-4.030765160188912"></trkpt>
      <trkpt lat="43.20337021549012" lon="-4.030696049922931"></trkpt>
      <trkpt lat="43.20309991112863" lon="-4.030734420899607"></trkpt>
      <trkpt lat="43.20281922554635" lon="-4.030731276864086"></trkpt>
      <trkpt lat="43.20267471341277" lon="-4.030698004063451"></trkpt>
      <trkpt lat="43.2026536755048" lon="-4.030681994703034"></trkpt>
      <trkpt lat="43.20240666396258" lon="-4.030496199634094"></trkpt>
      <trkpt lat="43.20213061807301" lon="-4.030365806560495"></trkpt>
      <trkpt lat="43.20211438691174" lon="-4.030359454713387"></trkpt>
      <trkpt lat="43.20185253871377" lon="-4.030198026561441"></trkpt>
      <trkpt lat="43.20156834262212" lon="-4.03011766321974"></trkpt>
      <trkpt lat="43.20156245495913" lon="-4.030115489246838"></trkpt>
      <trkpt lat="43.20128602456275" lon="-4.030092956886281"></trkpt>
      <trkpt lat="43.20127231444586" lon="-4.030093881909459"></trkpt>
      <trkpt lat="43.20103806907728" lon="-4.030174296322807"></trkpt>
      <trkpt lat="43.20083967603063" lon="-4.030204942505708"></trkpt>
      <trkpt lat="43.20058874436356" lon="-4.030150429887379"></trkpt>
      <trkpt lat="43.20028817195423" lon="-4.03006891844925"></trkpt>
      <trkpt lat="43.20027944725201" lon="-4.030069421362351"></trkpt>
      <trkpt lat="43.20026812083051" lon="-4.030066839273329"></trkpt>
      <trkpt lat="43.19996325981849" lon="-4.030117471601969"></trkpt>
      <trkpt lat="43.19964723240875" lon="-4.030103563017694"></trkpt>
      <trkpt lat="43.19963773495135" lon="-4.030101424879417"></trkpt>
      <trkpt lat="43.19926875739111" lon="-4.029986371503101"></trkpt>
      <trkpt lat="43.1989379939569" lon="-4.029835143684274"></trkpt>
      <trkpt lat="43.19864657739534" lon="-4.029887184306785"></trkpt>
      <trkpt lat="43.19845802936459" lon="-4.029916109328933"></trkpt>
      <trkpt lat="43.19844323243399" lon="-4.02991665705093"></trkpt>
      <trkpt lat="43.19825129746224" lon="-4.029807146906387"></trkpt>
      <trkpt lat="43.19809389249106" lon="-4.029607816772519"></trkpt>
      <trkpt lat="43.19803973534913" lon="-4.029613635480165"></trkpt>
      <trkpt lat="43.19790127493793" lon="-4.029062411047036"></trkpt>
      <trkpt lat="43.19792531220828" lon="-4.028623029537001"></trkpt>
      <trkpt lat="43.19807053017463" lon="-4.028261718228999"></trkpt>
      <trkpt lat="43.19826584612806" lon="-4.02802254739623"></trkpt>
      <trkpt lat="43.19874681006674" lon="-4.027655988638003"></trkpt>
      <trkpt lat="43.19925834013739" lon="-4.027418638809151"></trkpt>
      <trkpt lat="43.19954548525633" lon="-4.027046976105268"></trkpt>
      <trkpt lat="43.19945401017543" lon="-4.026714466679645"></trkpt>
      <trkpt lat="43.19892989648176" lon="-4.026215772274105"></trkpt>
      <trkpt lat="43.1993170823414" lon="-4.025246440750257"></trkpt>
      <trkpt lat="43.19947706979377" lon="-4.025084434161243"></trkpt>
      <trkpt lat="43.19991992650419" lon="-4.025331095424397"></trkpt>
      <trkpt lat="43.2005090508915" lon="-4.025636978507629"></trkpt>
      <trkpt lat="43.2007500897225" lon="-4.025496914870291"></trkpt>
      <trkpt lat="43.20110146275824" lon="-4.025017304174953"></trkpt>
      <trkpt lat="43.20090065610417" lon="-4.024234946515476"></trkpt>
      <trkpt lat="43.20091086398291" lon="-4.023691639855425"></trkpt>
      <trkpt lat="43.20106405380084" lon="-4.023550925994771"></trkpt>
      <trkpt lat="43.20136307609176" lon="-4.023369228395834"></trkpt>
      <trkpt lat="43.20160516718273" lon="-4.023194858819177"></trkpt>
      <trkpt lat="43.20171350295771" lon="-4.022714776477306"></trkpt>
      <trkpt lat="43.20171129571789" lon="-4.022699625275203"></trkpt>
      <trkpt lat="43.20171268882482" lon="-4.022693151511168"></trkpt>
      <trkpt lat="43.2015646214799" lon="-4.022255437080197"></trkpt>
      <trkpt lat="43.2013510721867" lon="-4.022081528077649"></trkpt>
      <trkpt lat="43.20107270507656" lon="-4.022062394052765"></trkpt>
      <trkpt lat="43.20107104744046" lon="-4.022063756013718"></trkpt>
      <trkpt lat="43.20091345733191" lon="-4.02202593029651"></trkpt>
      <trkpt lat="43.20090938701088" lon="-4.022017808077802"></trkpt>
      <trkpt lat="43.2009238175846" lon="-4.021738119824954"></trkpt>
      <trkpt lat="43.20092453785208" lon="-4.021725463398718"></trkpt>
      <trkpt lat="43.20092459861466" lon="-4.021701016945816"></trkpt>
      <trkpt lat="43.20093679964648" lon="-4.021386928772007"></trkpt>
      <trkpt lat="43.2006015060587" lon="-4.021288686850419"></trkpt>
      <trkpt lat="43.2003720879786" lon="-4.02098860822559"></trkpt>
      <trkpt lat="43.20036542984209" lon="-4.020978238998762"></trkpt>
      <trkpt lat="43.20036078713264" lon="-4.02079628318044"></trkpt>
      <trkpt lat="43.20036076647997" lon="-4.020792195084658"></trkpt>
      <trkpt lat="43.20042296264311" lon="-4.020574436059537"></trkpt>
      <trkpt lat="43.20036588638821" lon="-4.020441759151546"></trkpt>
      <trkpt lat="43.20019541981238" lon="-4.020292377624278"></trkpt>
      <trkpt lat="43.2000980754373" lon="-4.020126275604979"></trkpt>
      <trkpt lat="43.20000373360995" lon="-4.020083995852501"></trkpt>
      <trkpt lat="43.19997627894162" lon="-4.019942792523791"></trkpt>
      <trkpt lat="43.1999662616194" lon="-4.019861337283768"></trkpt>
      <trkpt lat="43.19992703711401" lon="-4.019789514614097"></trkpt>
      <trkpt lat="43.19991589865914" lon="-4.01969098341067"></trkpt>
      <trkpt lat="43.19991683784983" lon="-4.019685402786017"></trkpt>
      <trkpt lat="43.19992730961938" lon="-4.019578500028271"></trkpt>
      <trkpt lat="43.19992879326924" lon="-4.019570273646945"></trkpt>
      <trkpt lat="43.19995181753264" lon="-4.019440403427017"></trkpt>
      <trkpt lat="43.19997686325944" lon="-4.019309167226361"></trkpt>
      <trkpt lat="43.19999371272588" lon="-4.019211795089087"></trkpt>
      <trkpt lat="43.19999024842393" lon="-4.019198290297942"></trkpt>
      <trkpt lat="43.19996505620719" lon="-4.019093290793551"></trkpt>
      <trkpt lat="43.1999622263077" lon="-4.019092374358203"></trkpt>
      <trkpt lat="43.19983113678914" lon="-4.019020867549768"></trkpt>
      <trkpt lat="43.19970030847841" lon="-4.019001235669727"></trkpt>
      <trkpt lat="43.19969298461176" lon="-4.018998461881218"></trkpt>
      <trkpt lat="43.19958275380308" lon="-4.018932358909631"></trkpt>
      <trkpt lat="43.19956984464364" lon="-4.018921233867494"></trkpt>
      <trkpt lat="43.19945381804713" lon="-4.018803217347408"></trkpt>
      <trkpt lat="43.19944189828648" lon="-4.018791287765355"></trkpt>
      <trkpt lat="43.19930799651839" lon="-4.018661018232704"></trkpt>
      <trkpt lat="43.19930337824091" lon="-4.018653849038606"></trkpt>
      <trkpt lat="43.19929548452126" lon="-4.018645323855536"></trkpt>
      <trkpt lat="43.19918036852678" lon="-4.018478706201512"></trkpt>
      <trkpt lat="43.1991641937646" lon="-4.018456975582328"></trkpt>
      <trkpt lat="43.19899818068387" lon="-4.018299315463898"></trkpt>
      <trkpt lat="43.19899285355027" lon="-4.018297198244499"></trkpt>
      <trkpt lat="43.19898575614394" lon="-4.018291471043465"></trkpt>
      <trkpt lat="43.1988412525806" lon="-4.018255013163829"></trkpt>
      <trkpt lat="43.19864726665374" lon="-4.018475824472367"></trkpt>
      <trkpt lat="43.19855378420225" lon="-4.018593080661516"></trkpt>
      <trkpt lat="43.19853194122415" lon="-4.01859573809423"></trkpt>
      <trkpt lat="43.19851958516328" lon="-4.018596176323033"></trkpt>
      <trkpt lat="43.19830350500476" lon="-4.018620922395324"></trkpt>
      <trkpt lat="43.19821271552673" lon="-4.018625255046022"></trkpt>
      <trkpt lat="43.19820050577891" lon="-4.018621715499946"></trkpt>
      <trkpt lat="43.19808164744747" lon="-4.018413772712696"></trkpt>
      <trkpt lat="43.19807913298686" lon="-4.018402907966964"></trkpt>
      <trkpt lat="43.19800445793965" lon="-4.018093222936145"></trkpt>
      <trkpt lat="43.1979989899035" lon="-4.018069268479506"></trkpt>
      <trkpt lat="43.19789937520492" lon="-4.017769046759452"></trkpt>
      <trkpt lat="43.197886176194" lon="-4.017752668074703"></trkpt>
      <trkpt lat="43.19771925681695" lon="-4.017463813137065"></trkpt>
      <trkpt lat="43.19770586303726" lon="-4.017443110843405"></trkpt>
      <trkpt lat="43.19756623718043" lon="-4.017200929707379"></trkpt>
      <trkpt lat="43.19750022550041" lon="-4.017065589459301"></trkpt>
      <trkpt lat="43.197540917506" lon="-4.016668170573601"></trkpt>
      <trkpt lat="43.19752800140669" lon="-4.016166065087162"></trkpt>
      <trkpt lat="43.1975294981932" lon="-4.016138077757429"></trkpt>
      <trkpt lat="43.19755099364402" lon="-4.015837085268296"></trkpt>
      <trkpt lat="43.19752534640526" lon="-4.015418006821081"></trkpt>
      <trkpt lat="43.19759345882844" lon="-4.015062842749218"></trkpt>
      <trkpt lat="43.19760737540153" lon="-4.014919235331761"></trkpt>
      <trkpt lat="43.19758577930273" lon="-4.014810702088838"></trkpt>
      <trkpt lat="43.19751921770966" lon="-4.014734769294396"></trkpt>
      <trkpt lat="43.19750192551261" lon="-4.014702825933729"></trkpt>
      <trkpt lat="43.19756678991984" lon="-4.014220216122465"></trkpt>
      <trkpt lat="43.19759657838142" lon="-4.013792336904578"></trkpt>
      <trkpt lat="43.19759429967741" lon="-4.013773732784464"></trkpt>
      <trkpt lat="43.19754847514508" lon="-4.013435925643214"></trkpt>
      <trkpt lat="43.19741538198767" lon="-4.013081365335641"></trkpt>
      <trkpt lat="43.19740871326786" lon="-4.013075408463155"></trkpt>
      <trkpt lat="43.19719985053447" lon="-4.012801541210779"></trkpt>
      <trkpt lat="43.19706602438676" lon="-4.01264459572692"></trkpt>
      <trkpt lat="43.1969667501119" lon="-4.012474840333168"></trkpt>
      <trkpt lat="43.19696016181866" lon="-4.012461832385029"></trkpt>
      <trkpt lat="43.19689811478219" lon="-4.012264865715904"></trkpt>
      <trkpt lat="43.19685975869638" lon="-4.012005772561773"></trkpt>
      <trkpt lat="43.19683075810293" lon="-4.011842241150331"></trkpt>
      <trkpt lat="43.19678555796147" lon="-4.01192465341952"></trkpt>
      <trkpt lat="43.19670353508684" lon="-4.012352897172469"></trkpt>
      <trkpt lat="43.19655391031784" lon="-4.012700121700099"></trkpt>
      <trkpt lat="43.19655222015242" lon="-4.012701533975386"></trkpt>
      <trkpt lat="43.19629780823611" lon="-4.013055691582087"></trkpt>
      <trkpt lat="43.19615754829412" lon="-4.013232281458849"></trkpt>
      <trkpt lat="43.19584420331866" lon="-4.013596427384681"></trkpt>
      <trkpt lat="43.19562666922918" lon="-4.013647716504023"></trkpt>
      <trkpt lat="43.19522689633117" lon="-4.013531366620705"></trkpt>
      <trkpt lat="43.19497532666136" lon="-4.013548312487845"></trkpt>
      <trkpt lat="43.19497471127139" lon="-4.013547012285239"></trkpt>
      <trkpt lat="43.19492324437997" lon="-4.013513057197757"></trkpt>
      <trkpt lat="43.19460073512039" lon="-4.013023623173758"></trkpt>
      <trkpt lat="43.19435740240118" lon="-4.012472810277624"></trkpt>
      <trkpt lat="43.19372660845691" lon="-4.011959743760983"></trkpt>
      <trkpt lat="43.19324502902897" lon="-4.011785118260542"></trkpt>
      <trkpt lat="43.19253774383937" lon="-4.011339890656178"></trkpt>
      <trkpt lat="43.19176161823164" lon="-4.01075981906101"></trkpt>
      <trkpt lat="43.19105402486572" lon="-4.010377752855857"></trkpt>
      <trkpt lat="43.19009871803885" lon="-4.009795555049033"></trkpt>
      <trkpt lat="43.18952484801119" lon="-4.009474229323395"></trkpt>
      <trkpt lat="43.18900905822488" lon="-4.009259483632446"></trkpt>
      <trkpt lat="43.18826607754885" lon="-4.009595753667473"></trkpt>
      <trkpt lat="43.18783989848677" lon="-4.010045704453074"></trkpt>
      <trkpt lat="43.18753865062446" lon="-4.010623889387944"></trkpt>
      <trkpt lat="43.18716069673042" lon="-4.011002345234234"></trkpt>
      <trkpt lat="43.18689563019859" lon="-4.011838845071962"></trkpt>
      <trkpt lat="43.18649646089435" lon="-4.012289928296605"></trkpt>
      <trkpt lat="43.18607342079132" lon="-4.012371565535064"></trkpt>
      <trkpt lat="43.18566214622489" lon="-4.012339501407301"></trkpt>
      <trkpt lat="43.18534758509675" lon="-4.011955985346033"></trkpt>
      <trkpt lat="43.18479134886749" lon="-4.011577796246356"></trkpt>
      <trkpt lat="43.18430792120317" lon="-4.011551038489966"></trkpt>
      <trkpt lat="43.1839076465705" lon="-4.011330484907848"></trkpt>
      <trkpt lat="43.18363940941492" lon="-4.011252829259247"></trkpt>
      <trkpt lat="43.1833124896151" lon="-4.011072345493983"></trkpt>
      <trkpt lat="43.18271409818904" lon="-4.011271760617098"></trkpt>
      <trkpt lat="43.18221764771562" lon="-4.011335759617907"></trkpt>
      <trkpt lat="43.18192174392416" lon="-4.011571974770066"></trkpt>
      <trkpt lat="43.18166975423238" lon="-4.011876526922162"></trkpt>
      <trkpt lat="43.18147968693377" lon="-4.012002418970019"></trkpt>
      <trkpt lat="43.18125271863114" lon="-4.011957620707629"></trkpt>
      <trkpt lat="43.18109606721812" lon="-4.011962655747614"></trkpt>
      <trkpt lat="43.18058205448661" lon="-4.012366258860225"></trkpt>
      <trkpt lat="43.18008948085395" lon="-4.012229654638051"></trkpt>
      <trkpt lat="43.17980838626141" lon="-4.012318589214814"></trkpt>
      <trkpt lat="43.17934971886687" lon="-4.012272112222"></trkpt>
      <trkpt lat="43.17905970231458" lon="-4.011865412709891"></trkpt>
      <trkpt lat="43.17878721169389" lon="-4.011500029898815"></trkpt>
      <trkpt lat="43.17877929898809" lon="-4.011490314025648"></trkpt>
      <trkpt lat="43.17876734375069" lon="-4.011480328023164"></trkpt>
      <trkpt lat="43.17849576384501" lon="-4.011386699471922"></trkpt>
      <trkpt lat="43.17848800903655" lon="-4.011383251384206"></trkpt>
      <trkpt lat="43.17796486386064" lon="-4.011469708288063"></trkpt>
      <trkpt lat="43.1774552419383" lon="-4.01147004500157"></trkpt>
      <trkpt lat="43.17714080040182" lon="-4.011488431020696"></trkpt>
      <trkpt lat="43.17678772064539" lon="-4.011363067220256"></trkpt>
      <trkpt lat="43.17608142629516" lon="-4.011095874268062"></trkpt>
      <trkpt lat="43.17583671600021" lon="-4.010937656211357"></trkpt>
      <trkpt lat="43.17589186458001" lon="-4.010574043355891"></trkpt>
      <trkpt lat="43.17569433234708" lon="-4.010263506208834"></trkpt>
      <trkpt lat="43.17569034163683" lon="-4.010259409407816"></trkpt>
      <trkpt lat="43.17567242412039" lon="-4.010255528116897"></trkpt>
      <trkpt lat="43.17533061238986" lon="-4.010092228650498"></trkpt>
      <trkpt lat="43.17500499400004" lon="-4.010028143879888"></trkpt>
      <trkpt lat="43.17463476573872" lon="-4.010011434553485"></trkpt>
      <trkpt lat="43.17445833740565" lon="-4.009953398970546"></trkpt>
      <trkpt lat="43.17442313444954" lon="-4.00990327336565"></trkpt>
      <trkpt lat="43.17441746456127" lon="-4.009902623675227"></trkpt>
      <trkpt lat="43.17427871371704" lon="-4.00989875685948"></trkpt>
      <trkpt lat="43.1742715493938" lon="-4.00990284412014"></trkpt>
      <trkpt lat="43.17411410916404" lon="-4.009967427322536"></trkpt>
      <trkpt lat="43.17410150668387" lon="-4.009971688798688"></trkpt>
      <trkpt lat="43.17394761395257" lon="-4.010059532805736"></trkpt>
      <trkpt lat="43.17371480564223" lon="-4.010314229558405"></trkpt>
      <trkpt lat="43.17369784293831" lon="-4.010328606192008"></trkpt>
      <trkpt lat="43.17368891011508" lon="-4.010336554732614"></trkpt>
      <trkpt lat="43.17353875496221" lon="-4.010522208606599"></trkpt>
      <trkpt lat="43.17352966210387" lon="-4.010543179091637"></trkpt>
      <trkpt lat="43.17341752994727" lon="-4.010800509270762"></trkpt>
      <trkpt lat="43.17340452977628" lon="-4.010813829072894"></trkpt>
      <trkpt lat="43.17322319357627" lon="-4.011012205404684"></trkpt>
      <trkpt lat="43.17287315262844" lon="-4.011097613352619"></trkpt>
      <trkpt lat="43.17285807612523" lon="-4.011107206264864"></trkpt>
      <trkpt lat="43.17269479357471" lon="-4.011144088100099"></trkpt>
      <trkpt lat="43.17268637987578" lon="-4.011141604566011"></trkpt>
      <trkpt lat="43.1726763807594" lon="-4.011137655693871"></trkpt>
      <trkpt lat="43.17241651075996" lon="-4.010987302357081"></trkpt>
      <trkpt lat="43.17241158370511" lon="-4.010982789426741"></trkpt>
      <trkpt lat="43.17223761179719" lon="-4.010867419612479"></trkpt>
      <trkpt lat="43.17226956732546" lon="-4.010616617646914"></trkpt>
      <trkpt lat="43.172208199624" lon="-4.01042391961863"></trkpt>
      <trkpt lat="43.17209381707169" lon="-4.010361417006304"></trkpt>
      <trkpt lat="43.17189705213746" lon="-4.010121192472859"></trkpt>
      <trkpt lat="43.17171238620086" lon="-4.009884734435848"></trkpt>
      <trkpt lat="43.17170281397244" lon="-4.009869036449238"></trkpt>
      <trkpt lat="43.17138011560111" lon="-4.009347853178457"></trkpt>
      <trkpt lat="43.17116969371308" lon="-4.008883542729128"></trkpt>
      <trkpt lat="43.17098188166797" lon="-4.008567346464806"></trkpt>
      <trkpt lat="43.17097774511994" lon="-4.008562505615215"></trkpt>
      <trkpt lat="43.17079784760956" lon="-4.008401786058892"></trkpt>
      <trkpt lat="43.17076698221594" lon="-4.008384785085273"></trkpt>
      <trkpt lat="43.1705486834736" lon="-4.008290538497569"></trkpt>
      <trkpt lat="43.17052723061187" lon="-4.008278999468916"></trkpt>
      <trkpt lat="43.170336754491" lon="-4.008109264905731"></trkpt>
      <trkpt lat="43.17061993373326" lon="-4.008008106918065"></trkpt>
      <trkpt lat="43.17084546229093" lon="-4.007922887857447"></trkpt>
      <trkpt lat="43.17117954565796" lon="-4.007861097922538"></trkpt>
      <trkpt lat="43.17137900303904" lon="-4.007716174934888"></trkpt>
      <trkpt lat="43.1714838022771" lon="-4.007321389752213"></trkpt>
      <trkpt lat="43.17144095337134" lon="-4.007025770825225"></trkpt>
      <trkpt lat="43.17122471253668" lon="-4.006686202627915"></trkpt>
      <trkpt lat="43.17076986657345" lon="-4.005485629980987"></trkpt>
      <trkpt lat="43.17041047734443" lon="-4.004585003056369"></trkpt>
      <trkpt lat="43.17010190304272" lon="-4.003726013373705"></trkpt>
      <trkpt lat="43.16987529879454" lon="-4.002755212860597"></trkpt>
      <trkpt lat="43.16902236485743" lon="-4.001105325949604"></trkpt>
      <trkpt lat="43.16870700124164" lon="-4.000003281328834"></trkpt>
      <trkpt lat="43.16843038926466" lon="-3.998899627490415"></trkpt>
      <trkpt lat="43.16781507169498" lon="-3.998021739839122"></trkpt>
      <trkpt lat="43.16714489090439" lon="-3.998059720390955"></trkpt>
      <trkpt lat="43.16672262974782" lon="-3.998306162033978"></trkpt>
      <trkpt lat="43.16600463590604" lon="-3.999558679878699"></trkpt>
      <trkpt lat="43.16558137526043" lon="-4.000461901174984"></trkpt>
      <trkpt lat="43.16519383175636" lon="-4.001387789375234"></trkpt>
      <trkpt lat="43.16487654934814" lon="-4.002049334452332"></trkpt>
      <trkpt lat="43.16475009691749" lon="-4.002275736023453"></trkpt>
      <trkpt lat="43.16461690876069" lon="-4.00260757111131"></trkpt>
      <trkpt lat="43.16461477258454" lon="-4.002613743767517"></trkpt>
      <trkpt lat="43.16452929850983" lon="-4.002890742427786"></trkpt>
      <trkpt lat="43.16452264488951" lon="-4.002904523144004"></trkpt>
      <trkpt lat="43.16441806530104" lon="-4.003136454161246"></trkpt>
      <trkpt lat="43.1642666420047" lon="-4.003573631012376"></trkpt>
      <trkpt lat="43.16426014120547" lon="-4.003588294797092"></trkpt>
      <trkpt lat="43.16416305847363" lon="-4.00393169588238"></trkpt>
      <trkpt lat="43.16416257175932" lon="-4.003951401891984"></trkpt>
      <trkpt lat="43.16418302268715" lon="-4.004215284903566"></trkpt>
      <trkpt lat="43.1643059029541" lon="-4.004578764024068"></trkpt>
      <trkpt lat="43.16425179311643" lon="-4.004940167708737"></trkpt>
      <trkpt lat="43.1641214814341" lon="-4.00517752344817"></trkpt>
      <trkpt lat="43.16410955550288" lon="-4.005226926948281"></trkpt>
      <trkpt lat="43.16404258292997" lon="-4.005627466322938"></trkpt>
      <trkpt lat="43.16404016926661" lon="-4.00564960898881"></trkpt>
      <trkpt lat="43.1640356223589" lon="-4.005675805107993"></trkpt>
      <trkpt lat="43.16394908126434" lon="-4.006057803738281"></trkpt>
      <trkpt lat="43.16395040680354" lon="-4.006080869524232"></trkpt>
      <trkpt lat="43.16379485189079" lon="-4.006490025463942"></trkpt>
      <trkpt lat="43.16352534677131" lon="-4.007116369504095"></trkpt>
      <trkpt lat="43.16334019155531" lon="-4.007323767586342"></trkpt>
      <trkpt lat="43.1633245982833" lon="-4.00734294323653"></trkpt>
      <trkpt lat="43.16311707979587" lon="-4.007480708019652"></trkpt>
      <trkpt lat="43.16292942299141" lon="-4.007521109134705"></trkpt>
      <trkpt lat="43.16275565500349" lon="-4.007619662744139"></trkpt>
      <trkpt lat="43.16260142595672" lon="-4.007822249527957"></trkpt>
      <trkpt lat="43.16242518479878" lon="-4.008005902951586"></trkpt>
      <trkpt lat="43.16223518612174" lon="-4.008080203763199"></trkpt>
      <trkpt lat="43.16218150605709" lon="-4.007883031095646"></trkpt>
      <trkpt lat="43.16203193233781" lon="-4.007434671055011"></trkpt>
      <trkpt lat="43.16175293245793" lon="-4.006990104819337"></trkpt>
      <trkpt lat="43.16174227664438" lon="-4.006979501583618"></trkpt>
      <trkpt lat="43.1613557764156" lon="-4.006765055193043"></trkpt>
      <trkpt lat="43.16105948950948" lon="-4.006850395462093"></trkpt>
      <trkpt lat="43.16104748023033" lon="-4.00685043106961"></trkpt>
      <trkpt lat="43.16089169963703" lon="-4.006718126841937"></trkpt>
      <trkpt lat="43.16088917303161" lon="-4.006716607078982"></trkpt>
      <trkpt lat="43.16071769877788" lon="-4.006546332983678"></trkpt>
      <trkpt lat="43.1604539324967" lon="-4.006514869769634"></trkpt>
      <trkpt lat="43.16039047298825" lon="-4.006111090916351"></trkpt>
      <trkpt lat="43.16037698267006" lon="-4.00581638065093"></trkpt>
      <trkpt lat="43.16009151592895" lon="-4.00655028724055"></trkpt>
      <trkpt lat="43.15973750288641" lon="-4.006751703985413"></trkpt>
      <trkpt lat="43.15863950456551" lon="-4.007153724154407"></trkpt>
      <trkpt lat="43.15793999908292" lon="-4.007615907289432"></trkpt>
      <trkpt lat="43.15754571525547" lon="-4.008170231038993"></trkpt>
      <trkpt lat="43.15725822838717" lon="-4.009116924257401"></trkpt>
      <trkpt lat="43.15672124754401" lon="-4.009760870430116"></trkpt>
      <trkpt lat="43.15637306835138" lon="-4.010253339285011"></trkpt>
      <trkpt lat="43.15625705433694" lon="-4.010771183634123"></trkpt>
      <trkpt lat="43.15617100390947" lon="-4.011078888330556"></trkpt>
      <trkpt lat="43.15617040358848" lon="-4.011085325173285"></trkpt>
      <trkpt lat="43.15600350391615" lon="-4.011509296953339"></trkpt>
      <trkpt lat="43.15600051741795" lon="-4.011515870152753"></trkpt>
      <trkpt lat="43.15580756240424" lon="-4.01179295853761"></trkpt>
      <trkpt lat="43.15564753481846" lon="-4.012025551584992"></trkpt>
      <trkpt lat="43.15563218591739" lon="-4.012035012472985"></trkpt>
      <trkpt lat="43.15544507643767" lon="-4.012121582598613"></trkpt>
      <trkpt lat="43.15544235836167" lon="-4.012120576613938"></trkpt>
      <trkpt lat="43.15520313298725" lon="-4.011933021490576"></trkpt>
      <trkpt lat="43.15500026922377" lon="-4.011725372619848"></trkpt>
      <trkpt lat="43.15482524112179" lon="-4.011486940338958"></trkpt>
      <trkpt lat="43.15473901145396" lon="-4.011304573834211"></trkpt>
      <trkpt lat="43.15469101334476" lon="-4.011229383919597"></trkpt>
      <trkpt lat="43.15446721692933" lon="-4.011388041927808"></trkpt>
      <trkpt lat="43.15421172306989" lon="-4.011425406521277"></trkpt>
      <trkpt lat="43.15397580070137" lon="-4.011526317368696"></trkpt>
      <trkpt lat="43.15397321692835" lon="-4.011528079880113"></trkpt>
      <trkpt lat="43.15379435427398" lon="-4.011621626929989"></trkpt>
      <trkpt lat="43.15378656653113" lon="-4.011626506911128"></trkpt>
      <trkpt lat="43.15364283435375" lon="-4.011696698084211"></trkpt>
      <trkpt lat="43.15346387176575" lon="-4.01188207942452"></trkpt>
      <trkpt lat="43.15323983405342" lon="-4.011919329748266"></trkpt>
      <trkpt lat="43.1530734843906" lon="-4.011926344766592"></trkpt>
      <trkpt lat="43.15292304724506" lon="-4.011942089477637"></trkpt>
      <trkpt lat="43.15286712761542" lon="-4.01198744440507"></trkpt>
      <trkpt lat="43.15285917317916" lon="-4.011995713638838"></trkpt>
      <trkpt lat="43.15274679052756" lon="-4.011982284016884"></trkpt>
      <trkpt lat="43.15254792396227" lon="-4.011809154419206"></trkpt>
      <trkpt lat="43.1525407091487" lon="-4.011801216127991"></trkpt>
      <trkpt lat="43.15237436641078" lon="-4.011561279088605"></trkpt>
      <trkpt lat="43.15236493478967" lon="-4.011545732576956"></trkpt>
      <trkpt lat="43.15204591793867" lon="-4.011187661992903"></trkpt>
      <trkpt lat="43.15203484943799" lon="-4.01116985750418"></trkpt>
      <trkpt lat="43.15184818320014" lon="-4.01089565679709"></trkpt>
      <trkpt lat="43.1518400923547" lon="-4.010890306224745"></trkpt>
      <trkpt lat="43.15165604497617" lon="-4.010628380670569"></trkpt>
      <trkpt lat="43.15151025260153" lon="-4.010373561204052"></trkpt>
      <trkpt lat="43.15144379607487" lon="-4.010159656500212"></trkpt>
      <trkpt lat="43.1514268764175" lon="-4.009966972152395"></trkpt>
      <trkpt lat="43.15142459489412" lon="-4.009958924920873"></trkpt>
      <trkpt lat="43.15134983965605" lon="-4.009845311345366"></trkpt>
      <trkpt lat="43.15119504096675" lon="-4.009912774379445"></trkpt>
      <trkpt lat="43.15118940155743" lon="-4.009921533096616"></trkpt>
      <trkpt lat="43.15110826587412" lon="-4.010108620336277"></trkpt>
      <trkpt lat="43.15110858905927" lon="-4.010125645727394"></trkpt>
      <trkpt lat="43.15113145804339" lon="-4.010340739124497"></trkpt>
      <trkpt lat="43.15113524472442" lon="-4.010351522930905"></trkpt>
      <trkpt lat="43.15123210101302" lon="-4.010579132405323"></trkpt>
      <trkpt lat="43.15123631617214" lon="-4.010591682984809"></trkpt>
      <trkpt lat="43.15131012964839" lon="-4.010799126227672"></trkpt>
      <trkpt lat="43.15131115422771" lon="-4.01080212421577"></trkpt>
      <trkpt lat="43.15128994227991" lon="-4.010887223910601"></trkpt>
      <trkpt lat="43.15117302635288" lon="-4.010831105954649"></trkpt>
      <trkpt lat="43.15115571383445" lon="-4.010804028911221"></trkpt>
      <trkpt lat="43.15103054931521" lon="-4.010633273931475"></trkpt>
      <trkpt lat="43.15102311801417" lon="-4.010620870181858"></trkpt>
      <trkpt lat="43.15100927369327" lon="-4.010606237454968"></trkpt>
      <trkpt lat="43.15085486775416" lon="-4.010387674889012"></trkpt>
      <trkpt lat="43.15084383990267" lon="-4.010374483116578"></trkpt>
      <trkpt lat="43.15068719574364" lon="-4.01017905771009"></trkpt>
      <trkpt lat="43.15068123422927" lon="-4.010171923675298"></trkpt>
      <trkpt lat="43.15051206089596" lon="-4.01002906666119"></trkpt>
      <trkpt lat="43.15042183662914" lon="-4.010142633388582"></trkpt>
      <trkpt lat="43.15042339110957" lon="-4.010146364766348"></trkpt>
      <trkpt lat="43.15042847901142" lon="-4.010165933676091"></trkpt>
      <trkpt lat="43.15046245174428" lon="-4.01038313074636"></trkpt>
      <trkpt lat="43.15046285022783" lon="-4.01039111483551"></trkpt>
      <trkpt lat="43.15048941937598" lon="-4.010625511335149"></trkpt>
      <trkpt lat="43.15039510251602" lon="-4.01071002676961"></trkpt>
      <trkpt lat="43.1501939564464" lon="-4.01056372178965"></trkpt>
      <trkpt lat="43.15019042042726" lon="-4.010556584294285"></trkpt>
      <trkpt lat="43.1501595399332" lon="-4.010524707789339"></trkpt>
      <trkpt lat="43.14997850117874" lon="-4.010291943132311"></trkpt>
      <trkpt lat="43.14995745558976" lon="-4.010270881889171"></trkpt>
      <trkpt lat="43.14964697564278" lon="-4.010001361452971"></trkpt>
      <trkpt lat="43.14961369936899" lon="-4.009988846139746"></trkpt>
      <trkpt lat="43.14938999779527" lon="-4.009768418720588"></trkpt>
      <trkpt lat="43.14939380570345" lon="-4.009610609926995"></trkpt>
      <trkpt lat="43.1493963782025" lon="-4.009599708405171"></trkpt>
      <trkpt lat="43.14942768302986" lon="-4.009377872901264"></trkpt>
      <trkpt lat="43.1495024532429" lon="-4.009169207013206"></trkpt>
      <trkpt lat="43.14937186266765" lon="-4.008818740377253"></trkpt>
      <trkpt lat="43.14920977773451" lon="-4.008775163881792"></trkpt>
      <trkpt lat="43.14919408597004" lon="-4.008780113318742"></trkpt>
      <trkpt lat="43.14905073182263" lon="-4.009086407960732"></trkpt>
      <trkpt lat="43.14903501494165" lon="-4.009110305801038"></trkpt>
      <trkpt lat="43.14876221763429" lon="-4.009383642158206"></trkpt>
      <trkpt lat="43.14860476722389" lon="-4.009476271031049"></trkpt>
      <trkpt lat="43.14858246115304" lon="-4.009483603884282"></trkpt>
      <trkpt lat="43.14846007655456" lon="-4.00941442833955"></trkpt>
      <trkpt lat="43.14840866601352" lon="-4.009170021733647"></trkpt>
      <trkpt lat="43.1484062708772" lon="-4.009148894989902"></trkpt>
      <trkpt lat="43.14842859514663" lon="-4.008568687275709"></trkpt>
      <trkpt lat="43.14841803979413" lon="-4.008243721261051"></trkpt>
      <trkpt lat="43.14831495294165" lon="-4.007960097922756"></trkpt>
      <trkpt lat="43.14809004316468" lon="-4.008177334519178"></trkpt>
      <trkpt lat="43.14808562220552" lon="-4.008187130468479"></trkpt>
      <trkpt lat="43.14807679780296" lon="-4.008206684051972"></trkpt>
      <trkpt lat="43.14804592731302" lon="-4.008869540680897"></trkpt>
      <trkpt lat="43.14804708159953" lon="-4.00888987883196"></trkpt>
      <trkpt lat="43.14817406841113" lon="-4.009433848720994"></trkpt>
      <trkpt lat="43.14818434222247" lon="-4.009471594677954"></trkpt>
      <trkpt lat="43.1480188605861" lon="-4.010510418436878"></trkpt>
      <trkpt lat="43.14787882598815" lon="-4.010879033736831"></trkpt>
      <trkpt lat="43.14785775909999" lon="-4.010897671079711"></trkpt>
      <trkpt lat="43.14779453270548" lon="-4.011092138351576"></trkpt>
      <trkpt lat="43.14779294417526" lon="-4.011115406869888"></trkpt>
      <trkpt lat="43.14778459299821" lon="-4.011147503646005"></trkpt>
      <trkpt lat="43.14777988207648" lon="-4.011417717897469"></trkpt>
      <trkpt lat="43.14777880454909" lon="-4.011447117120886"></trkpt>
      <trkpt lat="43.1477649612257" lon="-4.011644074311413"></trkpt>
      <trkpt lat="43.14769453126787" lon="-4.011765232347896"></trkpt>
      <trkpt lat="43.14768212009171" lon="-4.011773610933032"></trkpt>
      <trkpt lat="43.14760527368706" lon="-4.011817574968713"></trkpt>
      <trkpt lat="43.14758171536609" lon="-4.011791572261086"></trkpt>
      <trkpt lat="43.14752036659775" lon="-4.011670612268214"></trkpt>
      <trkpt lat="43.14752133076655" lon="-4.011665352795797"></trkpt>
      <trkpt lat="43.14758784427426" lon="-4.011123721133666"></trkpt>
      <trkpt lat="43.14759280120946" lon="-4.011110551992578"></trkpt>
      <trkpt lat="43.14758626026784" lon="-4.010548474235031"></trkpt>
      <trkpt lat="43.14759593791034" lon="-4.010235010144036"></trkpt>
      <trkpt lat="43.14750043553668" lon="-4.009346225378482"></trkpt>
      <trkpt lat="43.14759732929018" lon="-4.008560602912699"></trkpt>
      <trkpt lat="43.14753245729325" lon="-4.007951424193371"></trkpt>
      <trkpt lat="43.14736487078379" lon="-4.007071367272554"></trkpt>
      <trkpt lat="43.14712555338545" lon="-4.006366346000711"></trkpt>
      <trkpt lat="43.14689209849636" lon="-4.00590336156562"></trkpt>
      <trkpt lat="43.14615140960191" lon="-4.005048715411853"></trkpt>
      <trkpt lat="43.14587401270712" lon="-4.004568415895315"></trkpt>
      <trkpt lat="43.14587238642733" lon="-4.004566149231447"></trkpt>
      <trkpt lat="43.14534626788502" lon="-4.00390077049407"></trkpt>
      <trkpt lat="43.14486234823792" lon="-4.004012729606211"></trkpt>
      <trkpt lat="43.14459671458033" lon="-4.003273803027456"></trkpt>
      <trkpt lat="43.14443884112435" lon="-4.002752835402617"></trkpt>
      <trkpt lat="43.14443524542222" lon="-4.002745249373012"></trkpt>
      <trkpt lat="43.14426251537629" lon="-4.002252468223296"></trkpt>
      <trkpt lat="43.14425380424487" lon="-4.002245763491256"></trkpt>
      <trkpt lat="43.14385650368228" lon="-4.001724929016248"></trkpt>
      <trkpt lat="43.14350771139272" lon="-4.001466001483843"></trkpt>
      <trkpt lat="43.14302202332919" lon="-4.00104300927967"></trkpt>
      <trkpt lat="43.14271875620939" lon="-4.000727129341584"></trkpt>
      <trkpt lat="43.14236657217417" lon="-4.000025032000558"></trkpt>
      <trkpt lat="43.14179008506624" lon="-3.999271878425762"></trkpt>
      <trkpt lat="43.14146343431138" lon="-3.998835343327892"></trkpt>
      <trkpt lat="43.14146135325443" lon="-3.998834396489115"></trkpt>
      <trkpt lat="43.14098603950922" lon="-3.998553160193983"></trkpt>
      <trkpt lat="43.14056375935641" lon="-3.998420637581149"></trkpt>
      <trkpt lat="43.14005826072889" lon="-3.997964473603748"></trkpt>
      <trkpt lat="43.13972984637007" lon="-3.997715382588534"></trkpt>
      <trkpt lat="43.13984758974684" lon="-3.997429002644864"></trkpt>
      <trkpt lat="43.1398481887497" lon="-3.997412354286283"></trkpt>
      <trkpt lat="43.13956149423333" lon="-3.996835412523149"></trkpt>
      <trkpt lat="43.13947806852548" lon="-3.996095798570896"></trkpt>
      <trkpt lat="43.13932033942378" lon="-3.995447356638686"></trkpt>
      <trkpt lat="43.13897958437042" lon="-3.994701411392974"></trkpt>
      <trkpt lat="43.13887915844855" lon="-3.994111023919015"></trkpt>
      <trkpt lat="43.13831730279097" lon="-3.993770030325363"></trkpt>
      <trkpt lat="43.1380589521107" lon="-3.993254824562661"></trkpt>
      <trkpt lat="43.13795787652782" lon="-3.992796124324198"></trkpt>
      <trkpt lat="43.13813661357479" lon="-3.991951627298189"></trkpt>
      <trkpt lat="43.13801878042333" lon="-3.991676842481489"></trkpt>
      <trkpt lat="43.13789904905969" lon="-3.991386988530378"></trkpt>
      <trkpt lat="43.13777908216549" lon="-3.991090508597424"></trkpt>
      <trkpt lat="43.13771369485904" lon="-3.99082168915183"></trkpt>
      <trkpt lat="43.13772626022712" lon="-3.990764497576774"></trkpt>
      <trkpt lat="43.13773224224801" lon="-3.990432625663244"></trkpt>
      <trkpt lat="43.13772627080564" lon="-3.990393673350239"></trkpt>
      <trkpt lat="43.13761461581999" lon="-3.990106615149739"></trkpt>
      <trkpt lat="43.1375985530108" lon="-3.990067275874422"></trkpt>
      <trkpt lat="43.13749554008934" lon="-3.989624184411841"></trkpt>
      <trkpt lat="43.13749313218726" lon="-3.98959705056595"></trkpt>
      <trkpt lat="43.13740403975846" lon="-3.989267023704971"></trkpt>
      <trkpt lat="43.13739181943345" lon="-3.989239101465031"></trkpt>
      <trkpt lat="43.13722799333399" lon="-3.988806386918127"></trkpt>
      <trkpt lat="43.13708712943902" lon="-3.988494283964275"></trkpt>
      <trkpt lat="43.13691851312965" lon="-3.988197684597488"></trkpt>
      <trkpt lat="43.13690348932098" lon="-3.988170855709158"></trkpt>
      <trkpt lat="43.13671257666952" lon="-3.987833044582286"></trkpt>
      <trkpt lat="43.13669577009501" lon="-3.987798628850222"></trkpt>
      <trkpt lat="43.13653713226766" lon="-3.987531064950986"></trkpt>
      <trkpt lat="43.13652804607952" lon="-3.987513617596704"></trkpt>
      <trkpt lat="43.1363977372998" lon="-3.987312722929103"></trkpt>
      <trkpt lat="43.13652106347449" lon="-3.98723392226425"></trkpt>
      <trkpt lat="43.13671409499607" lon="-3.987306506012731"></trkpt>
      <trkpt lat="43.13683351587045" lon="-3.987337763228367"></trkpt>
      <trkpt lat="43.13684686182158" lon="-3.987331031419277"></trkpt>
      <trkpt lat="43.13697516976809" lon="-3.98716604878809"></trkpt>
      <trkpt lat="43.13713559270032" lon="-3.987131386542636"></trkpt>
      <trkpt lat="43.13714799431766" lon="-3.987138572897317"></trkpt>
      <trkpt lat="43.13739022847312" lon="-3.987354573197553"></trkpt>
      <trkpt lat="43.13740820443281" lon="-3.987378619044097"></trkpt>
      <trkpt lat="43.13741217305248" lon="-3.987389965581027"></trkpt>
      <trkpt lat="43.13756653160871" lon="-3.987593297015887"></trkpt>
      <trkpt lat="43.13759755473368" lon="-3.987649484262242"></trkpt>
      <trkpt lat="43.13761225024444" lon="-3.987688825144774"></trkpt>
      <trkpt lat="43.13777198332948" lon="-3.987898008920135"></trkpt>
      <trkpt lat="43.13786290625604" lon="-3.987817392514365"></trkpt>
      <trkpt lat="43.13785882047738" lon="-3.987786512806114"></trkpt>
      <trkpt lat="43.13786250942329" lon="-3.987724323575868"></trkpt>
      <trkpt lat="43.13785121038902" lon="-3.987464645300766"></trkpt>
      <trkpt lat="43.13785136480608" lon="-3.987451313058326"></trkpt>
      <trkpt lat="43.13783707615708" lon="-3.98709281319578"></trkpt>
      <trkpt lat="43.1378750067706" lon="-3.98691432270712"></trkpt>
      <trkpt lat="43.13809866860359" lon="-3.986838099559197"></trkpt>
      <trkpt lat="43.13832066218588" lon="-3.986778078081978"></trkpt>
      <trkpt lat="43.13836237132135" lon="-3.986733929250578"></trkpt>
      <trkpt lat="43.13842728420952" lon="-3.986349460571694"></trkpt>
      <trkpt lat="43.13840411656599" lon="-3.986302450643714"></trkpt>
      <trkpt lat="43.13841087792009" lon="-3.985876144251517"></trkpt>
      <trkpt lat="43.1384262808475" lon="-3.985849002989728"></trkpt>
      <trkpt lat="43.13850274346428" lon="-3.985565007825423"></trkpt>
      <trkpt lat="43.13851099398835" lon="-3.985542040841639"></trkpt>
      <trkpt lat="43.13868520638691" lon="-3.985341597485945"></trkpt>
      <trkpt lat="43.13870279952388" lon="-3.985304946704805"></trkpt>
      <trkpt lat="43.13868351845557" lon="-3.984971640747821"></trkpt>
      <trkpt lat="43.13864208888342" lon="-3.984936172744557"></trkpt>
      <trkpt lat="43.13838431318788" lon="-3.984602515982338"></trkpt>
      <trkpt lat="43.13836921939304" lon="-3.984581446169583"></trkpt>
      <trkpt lat="43.13834442582643" lon="-3.984555261806965"></trkpt>
      <trkpt lat="43.13802233311925" lon="-3.984193671737848"></trkpt>
      <trkpt lat="43.13799262785369" lon="-3.984177602375067"></trkpt>
      <trkpt lat="43.13774947278282" lon="-3.983931889493016"></trkpt>
      <trkpt lat="43.13768013058302" lon="-3.983931572273436"></trkpt>
      <trkpt lat="43.13746555927958" lon="-3.983913987767085"></trkpt>
      <trkpt lat="43.13741457039433" lon="-3.983936130423553"></trkpt>
      <trkpt lat="43.1371888566301" lon="-3.984056945525156"></trkpt>
      <trkpt lat="43.13717184168141" lon="-3.98408526121354"></trkpt>
      <trkpt lat="43.13714247309746" lon="-3.984119341438802"></trkpt>
      <trkpt lat="43.13687526741867" lon="-3.984426470545009"></trkpt>
      <trkpt lat="43.13683701936178" lon="-3.984441603193374"></trkpt>
      <trkpt lat="43.13658282202893" lon="-3.984379488626584"></trkpt>
      <trkpt lat="43.13654863381429" lon="-3.984377031794536"></trkpt>
      <trkpt lat="43.13621122597734" lon="-3.984455034311112"></trkpt>
      <trkpt lat="43.13617124100283" lon="-3.984473324529482"></trkpt>
      <trkpt lat="43.13562615503618" lon="-3.984655268358435"></trkpt>
      <trkpt lat="43.13560477070603" lon="-3.984655672330111"></trkpt>
      <trkpt lat="43.13505318458491" lon="-3.984466563233858"></trkpt>
      <trkpt lat="43.13407584877705" lon="-3.984339904425147"></trkpt>
      <trkpt lat="43.13401287340932" lon="-3.984309997131765"></trkpt>
      <trkpt lat="43.13398158815476" lon="-3.984289674181642"></trkpt>
      <trkpt lat="43.13340197784359" lon="-3.984067766392388"></trkpt>
      <trkpt lat="43.13333738693873" lon="-3.984061619589881"></trkpt>
      <trkpt lat="43.13269583001933" lon="-3.983913113633909"></trkpt>
      <trkpt lat="43.13117135748342" lon="-3.983862494739343"></trkpt>
      <trkpt lat="43.13048572661204" lon="-3.983074238847753"></trkpt>
      <trkpt lat="43.1300114404638" lon="-3.982160517847931"></trkpt>
      <trkpt lat="43.12877425853241" lon="-3.981262629243734"></trkpt>
      <trkpt lat="43.12757723001715" lon="-3.979934135467077"></trkpt>
      <trkpt lat="43.12669370874954" lon="-3.978998879099676"></trkpt>
      <trkpt lat="43.12531290495962" lon="-3.977952801512543"></trkpt>
      <trkpt lat="43.12404744408281" lon="-3.977923533051888"></trkpt>
      <trkpt lat="43.12220311630568" lon="-3.976022240414468"></trkpt>
      <trkpt lat="43.12158725016943" lon="-3.97521843263663"></trkpt>
      <trkpt lat="43.1212481615172" lon="-3.975247214067049"></trkpt>
      <trkpt lat="43.12121817586879" lon="-3.97526074560361"></trkpt>
      <trkpt lat="43.12060866256891" lon="-3.975728553184723"></trkpt>
      <trkpt lat="43.12056522746836" lon="-3.975802966057417"></trkpt>
      <trkpt lat="43.12037719139802" lon="-3.976454414534899"></trkpt>
      <trkpt lat="43.12014104449805" lon="-3.977056400852923"></trkpt>
      <trkpt lat="43.12011096101818" lon="-3.977139500880612"></trkpt>
      <trkpt lat="43.11968774693008" lon="-3.977799719784409"></trkpt>
      <trkpt lat="43.11961780645941" lon="-3.977896380349781"></trkpt>
      <trkpt lat="43.11916440064358" lon="-3.978595266424264"></trkpt>
      <trkpt lat="43.11912481832191" lon="-3.978727662630472"></trkpt>
      <trkpt lat="43.11893012740912" lon="-3.979238401759532"></trkpt>
      <trkpt lat="43.11921399261068" lon="-3.979615079611522"></trkpt>
      <trkpt lat="43.11919751252174" lon="-3.979689187612937"></trkpt>
      <trkpt lat="43.11906527555729" lon="-3.980557687760617"></trkpt>
      <trkpt lat="43.119053198347" lon="-3.980604165144048"></trkpt>
      <trkpt lat="43.11901514977598" lon="-3.980692671907147"></trkpt>
      <trkpt lat="43.11872839318708" lon="-3.981308719404332"></trkpt>
      <trkpt lat="43.11867320799735" lon="-3.981384603496152"></trkpt>
      <trkpt lat="43.11810074758603" lon="-3.982127779436879"></trkpt>
      <trkpt lat="43.11805758627301" lon="-3.98221241598356"></trkpt>
      <trkpt lat="43.11752970275145" lon="-3.982812686472985"></trkpt>
      <trkpt lat="43.11744791668295" lon="-3.982868813503239"></trkpt>
      <trkpt lat="43.11700056821846" lon="-3.983120648211995"></trkpt>
      <trkpt lat="43.11697609663426" lon="-3.983091849680945"></trkpt>
      <trkpt lat="43.11541624775083" lon="-3.98255628240169"></trkpt>
      <trkpt lat="43.11533832293303" lon="-3.982566988917134"></trkpt>
      <trkpt lat="43.11529349687651" lon="-3.982702081034157"></trkpt>
      <trkpt lat="43.11529102407206" lon="-3.982725209933253"></trkpt>
      <trkpt lat="43.11533610746367" lon="-3.982925468189981"></trkpt>
      <trkpt lat="43.11533775752998" lon="-3.982928755638873"></trkpt>
      <trkpt lat="43.11562665856151" lon="-3.98314833778536"></trkpt>
      <trkpt lat="43.11563537779823" lon="-3.983157242317611"></trkpt>
      <trkpt lat="43.11621731854632" lon="-3.983644494275612"></trkpt>
      <trkpt lat="43.11776203871926" lon="-3.985211499396404"></trkpt>
      <trkpt lat="43.11893352086661" lon="-3.986336317070966"></trkpt>
      <trkpt lat="43.12011906076913" lon="-3.987807470541991"></trkpt>
      <trkpt lat="43.12077906874418" lon="-3.988705871014736"></trkpt>
      <trkpt lat="43.12118678445613" lon="-3.989030107578364"></trkpt>
      <trkpt lat="43.12200538225576" lon="-3.989376772085584"></trkpt>
      <trkpt lat="43.12281552079834" lon="-3.989565429601344"></trkpt>
      <trkpt lat="43.12365989274544" lon="-3.98978301967817"></trkpt>
      <trkpt lat="43.12447783274722" lon="-3.989885043129088"></trkpt>
      <trkpt lat="43.12491932320076" lon="-3.990030155476147"></trkpt>
      <trkpt lat="43.1254413672094" lon="-3.990747010469632"></trkpt>
      <trkpt lat="43.12631552060469" lon="-3.990546092436801"></trkpt>
      <trkpt lat="43.1269891959592" lon="-3.990572509369862"></trkpt>
      <trkpt lat="43.12762471651109" lon="-3.990626166408854"></trkpt>
      <trkpt lat="43.12824111903335" lon="-3.990516766591339"></trkpt>
      <trkpt lat="43.12864342997141" lon="-3.990913803217345"></trkpt>
      <trkpt lat="43.12916218379325" lon="-3.991602239868711"></trkpt>
      <trkpt lat="43.12946111533371" lon="-3.992102703306712"></trkpt>
      <trkpt lat="43.12966140280722" lon="-3.99274841193415"></trkpt>
      <trkpt lat="43.12972825397861" lon="-3.993546643728273"></trkpt>
      <trkpt lat="43.12979135638553" lon="-3.994187826494444"></trkpt>
      <trkpt lat="43.12979247205987" lon="-3.994207441801473"></trkpt>
      <trkpt lat="43.12997886706057" lon="-3.994733673591886"></trkpt>
      <trkpt lat="43.13040617375397" lon="-3.994930610897729"></trkpt>
      <trkpt lat="43.13082456471408" lon="-3.995109324818601"></trkpt>
      <trkpt lat="43.13123398246537" lon="-3.995326434633857"></trkpt>
      <trkpt lat="43.13170461530272" lon="-3.995610986026965"></trkpt>
      <trkpt lat="43.13212048720924" lon="-3.996307547979963"></trkpt>
      <trkpt lat="43.13251886814943" lon="-3.99680578022972"></trkpt>
      <trkpt lat="43.13303197411949" lon="-3.997253066212782"></trkpt>
      <trkpt lat="43.13325257649797" lon="-3.997417549384124"></trkpt>
      <trkpt lat="43.13390666912326" lon="-3.998403259460367"></trkpt>
      <trkpt lat="43.13433385795759" lon="-3.998915692863767"></trkpt>
      <trkpt lat="43.13471309695917" lon="-3.999591814424396"></trkpt>
      <trkpt lat="43.13529663879117" lon="-4.000203242359918"></trkpt>
      <trkpt lat="43.1357196480341" lon="-4.000592626675409"></trkpt>
      <trkpt lat="43.13608449095702" lon="-4.000647810223939"></trkpt>
      <trkpt lat="43.13639426519925" lon="-4.000810656503381"></trkpt>
      <trkpt lat="43.13660887050782" lon="-4.001285813455965"></trkpt>
      <trkpt lat="43.13664421469324" lon="-4.001418664651919"></trkpt>
      <trkpt lat="43.13671571787289" lon="-4.001430277050422"></trkpt>
      <trkpt lat="43.13677824199681" lon="-4.00126257204268"></trkpt>
      <trkpt lat="43.13691320963551" lon="-4.000815585684614"></trkpt>
      <trkpt lat="43.13696695960208" lon="-4.000507230169212"></trkpt>
      <trkpt lat="43.13697531063239" lon="-4.000227143626364"></trkpt>
      <trkpt lat="43.13698534916371" lon="-3.999859418559097"></trkpt>
      <trkpt lat="43.13703141736647" lon="-3.999704546113999"></trkpt>
      <trkpt lat="43.13723854552342" lon="-3.99968021171968"></trkpt>
      <trkpt lat="43.13751138240104" lon="-3.999721914900898"></trkpt>
      <trkpt lat="43.13778742402859" lon="-3.999873276707696"></trkpt>
      <trkpt lat="43.13782742098137" lon="-4.00065281611679"></trkpt>
      <trkpt lat="43.13787415718677" lon="-4.001251941373456"></trkpt>
      <trkpt lat="43.13795267715947" lon="-4.001740247109423"></trkpt>
      <trkpt lat="43.13799234167922" lon="-4.002550370039062"></trkpt>
      <trkpt lat="43.13802513710994" lon="-4.002980695054793"></trkpt>
      <trkpt lat="43.13813461656473" lon="-4.003184889438945"></trkpt>
      <trkpt lat="43.13822302341594" lon="-4.003275720923988"></trkpt>
      <trkpt lat="43.138441473517" lon="-4.002891939407141"></trkpt>
      <trkpt lat="43.13852920910654" lon="-4.002358309002987"></trkpt>
      <trkpt lat="43.13882668348496" lon="-4.001807616078316"></trkpt>
      <trkpt lat="43.13895127119451" lon="-4.001578867631281"></trkpt>
      <trkpt lat="43.13914017282281" lon="-4.001447341097517"></trkpt>
      <trkpt lat="43.13954160108418" lon="-4.002767291805681"></trkpt>
      <trkpt lat="43.13972089207235" lon="-4.003188340357376"></trkpt>
      <trkpt lat="43.1400743868106" lon="-4.003733072252857"></trkpt>
      <trkpt lat="43.14043235229897" lon="-4.004187885917336"></trkpt>
      <trkpt lat="43.14052218601066" lon="-4.004376251632732"></trkpt>
      <trkpt lat="43.14083029411733" lon="-4.005444191372403"></trkpt>
      <trkpt lat="43.14138467808928" lon="-4.006107112859308"></trkpt>
      <trkpt lat="43.14210988398895" lon="-4.006731471615803"></trkpt>
      <trkpt lat="43.1430598449515" lon="-4.008320599422248"></trkpt>
      <trkpt lat="43.14363245075004" lon="-4.008665479872347"></trkpt>
      <trkpt lat="43.14422033745912" lon="-4.009189683775941"></trkpt>
      <trkpt lat="43.14466026997492" lon="-4.009696446071648"></trkpt>
      <trkpt lat="43.14501615788015" lon="-4.010394992229875"></trkpt>
      <trkpt lat="43.1451597373209" lon="-4.011107356674608"></trkpt>
      <trkpt lat="43.14514691063351" lon="-4.011410625859343"></trkpt>
      <trkpt lat="43.14481319572402" lon="-4.012041141460204"></trkpt>
      <trkpt lat="43.14453934883085" lon="-4.012464348583729"></trkpt>
      <trkpt lat="43.144237096906" lon="-4.012602586574983"></trkpt>
      <trkpt lat="43.14398972750654" lon="-4.012501263401521"></trkpt>
      <trkpt lat="43.14370464276224" lon="-4.012978445611857"></trkpt>
      <trkpt lat="43.14377281292619" lon="-4.013319123326785"></trkpt>
      <trkpt lat="43.14401943856271" lon="-4.013626035529587"></trkpt>
      <trkpt lat="43.1441946414057" lon="-4.014227829947955"></trkpt>
      <trkpt lat="43.14443462245777" lon="-4.0147866481096"></trkpt>
      <trkpt lat="43.14444117813019" lon="-4.014819885138849"></trkpt>
      <trkpt lat="43.14444091562916" lon="-4.014828878024325"></trkpt>
      <trkpt lat="43.14471504777612" lon="-4.015416123235004"></trkpt>
      <trkpt lat="43.14488837700647" lon="-4.015758159474675"></trkpt>
      <trkpt lat="43.14530079194785" lon="-4.015919933636302"></trkpt>
      <trkpt lat="43.14577464673674" lon="-4.016171945307852"></trkpt>
      <trkpt lat="43.14606161791414" lon="-4.016530720921191"></trkpt>
      <trkpt lat="43.14629770874049" lon="-4.016872859579096"></trkpt>
      <trkpt lat="43.14641457127284" lon="-4.017052178280593"></trkpt>
      <trkpt lat="43.14641671522229" lon="-4.017055252047774"></trkpt>
      <trkpt lat="43.14655793595221" lon="-4.01721048823406"></trkpt>
      <trkpt lat="43.14655966136075" lon="-4.01721290955925"></trkpt>
      <trkpt lat="43.14667129897656" lon="-4.017320525572121"></trkpt>
      <trkpt lat="43.14667697204942" lon="-4.017328351874757"></trkpt>
      <trkpt lat="43.14677819915115" lon="-4.017466201352599"></trkpt>
      <trkpt lat="43.14686337334285" lon="-4.017802136575859"></trkpt>
      <trkpt lat="43.1468653957125" lon="-4.017812702629431"></trkpt>
      <trkpt lat="43.14690642547081" lon="-4.017954051292145"></trkpt>
      <trkpt lat="43.14690866677261" lon="-4.01796536727029"></trkpt>
      <trkpt lat="43.14688301495125" lon="-4.018222337550804"></trkpt>
      <trkpt lat="43.14688438156923" lon="-4.018236080167688"></trkpt>
      <trkpt lat="43.14693029260525" lon="-4.01851793078976"></trkpt>
      <trkpt lat="43.14702147505903" lon="-4.018972464479437"></trkpt>
      <trkpt lat="43.14702518187216" lon="-4.018982176015053"></trkpt>
      <trkpt lat="43.14716911420854" lon="-4.019244996615705"></trkpt>
      <trkpt lat="43.14731402682779" lon="-4.019581215008662"></trkpt>
      <trkpt lat="43.1474474961867" lon="-4.019940209516692"></trkpt>
      <trkpt lat="43.14751987727623" lon="-4.020355296576796"></trkpt>
      <trkpt lat="43.14756244019128" lon="-4.020604516891012"></trkpt>
      <trkpt lat="43.14756659072279" lon="-4.020623784800311"></trkpt>
      <trkpt lat="43.14769731416327" lon="-4.021082930452129"></trkpt>
      <trkpt lat="43.14797520374664" lon="-4.021697482070073"></trkpt>
      <trkpt lat="43.14807954963734" lon="-4.022026959118127"></trkpt>
      <trkpt lat="43.14808116269586" lon="-4.022034233878532"></trkpt>
      <trkpt lat="43.14813482187664" lon="-4.022460138797854"></trkpt>
      <trkpt lat="43.14816812506191" lon="-4.022508325465441"></trkpt>
      <trkpt lat="43.14817089014635" lon="-4.022708059248953"></trkpt>
      <trkpt lat="43.14823250533128" lon="-4.022758707025216"></trkpt>
      <trkpt lat="43.14835582083865" lon="-4.022835877921959"></trkpt>
      <trkpt lat="43.14840173052325" lon="-4.022993805888962"></trkpt>
      <trkpt lat="43.1484029004751" lon="-4.023004262125369"></trkpt>
      <trkpt lat="43.14850365850349" lon="-4.02333958050721"></trkpt>
      <trkpt lat="43.14858260977105" lon="-4.02350658110538"></trkpt>
      <trkpt lat="43.14874721332338" lon="-4.023843107766877"></trkpt>
      <trkpt lat="43.14891997342174" lon="-4.024254913481297"></trkpt>
      <trkpt lat="43.14905835444681" lon="-4.024650398458873"></trkpt>
      <trkpt lat="43.14910650606758" lon="-4.024738138760777"></trkpt>
      <trkpt lat="43.14927156227025" lon="-4.024667652126568"></trkpt>
      <trkpt lat="43.14938357295802" lon="-4.024643111506761"></trkpt>
      <trkpt lat="43.14955150754037" lon="-4.024597610494213"></trkpt>
      <trkpt lat="43.14965997677408" lon="-4.024446720113524"></trkpt>
      <trkpt lat="43.14979289019404" lon="-4.024268421468316"></trkpt>
      <trkpt lat="43.14985163030053" lon="-4.024253850782998"></trkpt>
      <trkpt lat="43.14995437662993" lon="-4.024298176627152"></trkpt>
      <trkpt lat="43.15026687223404" lon="-4.024541786504184"></trkpt>
      <trkpt lat="43.15059410970979" lon="-4.025052223673925"></trkpt>
      <trkpt lat="43.15107471056938" lon="-4.025668821325812"></trkpt>
      <trkpt lat="43.15145761494151" lon="-4.025815195870496"></trkpt>
      <trkpt lat="43.15178184724958" lon="-4.026226352095573"></trkpt>
      <trkpt lat="43.15205186512927" lon="-4.026738773295994"></trkpt>
      <trkpt lat="43.15223250100643" lon="-4.027018544578816"></trkpt>
      <trkpt lat="43.15242779392848" lon="-4.027685204514711"></trkpt>
      <trkpt lat="43.15267569026506" lon="-4.02816247055369"></trkpt>
      <trkpt lat="43.15323217596388" lon="-4.028443702247952"></trkpt>
      <trkpt lat="43.15368628907218" lon="-4.028859970593506"></trkpt>
      <trkpt lat="43.15397329940082" lon="-4.029052778852015"></trkpt>
      <trkpt lat="43.15428180531701" lon="-4.029512043216583"></trkpt>
      <trkpt lat="43.15459682152356" lon="-4.029875070372309"></trkpt>
      <trkpt lat="43.1550916637615" lon="-4.030683540418599"></trkpt>
      <trkpt lat="43.15527773620986" lon="-4.031386523745969"></trkpt>
      <trkpt lat="43.15534651192839" lon="-4.031970697847761"></trkpt>
      <trkpt lat="43.1550282808694" lon="-4.032351660539594"></trkpt>
      <trkpt lat="43.1550179284844" lon="-4.032371354881011"></trkpt>
      <trkpt lat="43.15477445988598" lon="-4.032707121054496"></trkpt>
      <trkpt lat="43.15476840223082" lon="-4.032739660087325"></trkpt>
      <trkpt lat="43.15454424908246" lon="-4.033287237795172"></trkpt>
      <trkpt lat="43.15439603233403" lon="-4.033525609391423"></trkpt>
      <trkpt lat="43.15462251057591" lon="-4.033842264089725"></trkpt>
      <trkpt lat="43.15495291988689" lon="-4.034126386434867"></trkpt>
      <trkpt lat="43.15530288472798" lon="-4.03419292254357"></trkpt>
      <trkpt lat="43.15531503383058" lon="-4.034184953216521"></trkpt>
      <trkpt lat="43.15568545935893" lon="-4.034174900612371"></trkpt>
      <trkpt lat="43.15597761532347" lon="-4.033952775886699"></trkpt>
      <trkpt lat="43.15635056802143" lon="-4.033781380318471"></trkpt>
      <trkpt lat="43.15655067431472" lon="-4.033738132261715"></trkpt>
      <trkpt lat="43.15663478111311" lon="-4.033780532014843"></trkpt>
      <trkpt lat="43.15663570829405" lon="-4.033784772861278"></trkpt>
      <trkpt lat="43.15670625777643" lon="-4.034000611355435"></trkpt>
      <trkpt lat="43.15670866978265" lon="-4.034010384242754"></trkpt>
      <trkpt lat="43.15676097990018" lon="-4.034178198049965"></trkpt>
      <trkpt lat="43.15676434218696" lon="-4.034181374968034"></trkpt>
      <trkpt lat="43.15690157867709" lon="-4.034242398565339"></trkpt>
      <trkpt lat="43.1569039125907" lon="-4.034246280131407"></trkpt>
      <trkpt lat="43.15702237376203" lon="-4.034557459558783"></trkpt>
      <trkpt lat="43.15713912793779" lon="-4.034922349007909"></trkpt>
      <trkpt lat="43.156957410901" lon="-4.035342395183301"></trkpt>
      <trkpt lat="43.15695623084198" lon="-4.035357328951104"></trkpt>
      <trkpt lat="43.15689381415709" lon="-4.035754055592262"></trkpt>
      <trkpt lat="43.15684397144319" lon="-4.035984491088177"></trkpt>
      <trkpt lat="43.15684608779773" lon="-4.035993782724337"></trkpt>
      <trkpt lat="43.15683426329579" lon="-4.036175846285844"></trkpt>
      <trkpt lat="43.15683953541032" lon="-4.03619375682031"></trkpt>
      <trkpt lat="43.15703307789622" lon="-4.036427543878932"></trkpt>
      <trkpt lat="43.15703547968904" lon="-4.036431813413448"></trkpt>
      <trkpt lat="43.15704178364283" lon="-4.036463670843932"></trkpt>
      <trkpt lat="43.15718969956404" lon="-4.036651989665319"></trkpt>
      <trkpt lat="43.1572336852762" lon="-4.036865556042781"></trkpt>
      <trkpt lat="43.15737742363807" lon="-4.03769774420708"></trkpt>
      <trkpt lat="43.15735238775561" lon="-4.038404635655147"></trkpt>
      <trkpt lat="43.15735209132962" lon="-4.038414666656587"></trkpt>
      <trkpt lat="43.15735222022951" lon="-4.038437760641371"></trkpt>
      <trkpt lat="43.15731457401829" lon="-4.039075584291187"></trkpt>
      <trkpt lat="43.15718043231522" lon="-4.039830649470018"></trkpt>
      <trkpt lat="43.15717353999906" lon="-4.039853753237178"></trkpt>
      <trkpt lat="43.15710403282113" lon="-4.040344231896096"></trkpt>
      <trkpt lat="43.15710573839598" lon="-4.040370910517568"></trkpt>
      <trkpt lat="43.15719144630386" lon="-4.040829890532383"></trkpt>
      <trkpt lat="43.15719716473719" lon="-4.040850915065147"></trkpt>
      <trkpt lat="43.15723176172477" lon="-4.041198866873633"></trkpt>
      <trkpt lat="43.1571812819374" lon="-4.041097771158934"></trkpt>
      <trkpt lat="43.15717803702626" lon="-4.041085841109465"></trkpt>
      <trkpt lat="43.15706833142776" lon="-4.040680777994825"></trkpt>
      <trkpt lat="43.15706368726084" lon="-4.040656118153036"></trkpt>
      <trkpt lat="43.15708353358324" lon="-4.040116324247403"></trkpt>
      <trkpt lat="43.15708428542942" lon="-4.040108905246949"></trkpt>
      <trkpt lat="43.15723824546757" lon="-4.039471640967203"></trkpt>
      <trkpt lat="43.15732864380233" lon="-4.038625705407851"></trkpt>
      <trkpt lat="43.15736115759041" lon="-4.037972657831256"></trkpt>
      <trkpt lat="43.15734950978162" lon="-4.03724673603657"></trkpt>
      <trkpt lat="43.15735620344007" lon="-4.037117051579707"></trkpt>
      <trkpt lat="43.15698612023927" lon="-4.036388976134874"></trkpt>
      <trkpt lat="43.15688218992873" lon="-4.03562028919926"></trkpt>
      <trkpt lat="43.15703725580099" lon="-4.035160013737046"></trkpt>
      <trkpt lat="43.15709751308449" lon="-4.034787129532223"></trkpt>
      <trkpt lat="43.15681497469222" lon="-4.034071434919888"></trkpt>
      <trkpt lat="43.15671494219296" lon="-4.033579469961946"></trkpt>
      <trkpt lat="43.15671021467394" lon="-4.033251224210737"></trkpt>
      <trkpt lat="43.15679752654199" lon="-4.032721421113584"></trkpt>
      <trkpt lat="43.15716493816446" lon="-4.032112509029568"></trkpt>
      <trkpt lat="43.15771065681714" lon="-4.031400145143139"></trkpt>
      <trkpt lat="43.15815976477695" lon="-4.031008398639573"></trkpt>
      <trkpt lat="43.15864898187818" lon="-4.030193349272215"></trkpt>
      <trkpt lat="43.15885136573774" lon="-4.029335851798868"></trkpt>
      <trkpt lat="43.15930722684265" lon="-4.028970469970145"></trkpt>
      <trkpt lat="43.15975007136942" lon="-4.028400235442807"></trkpt>
      <trkpt lat="43.15977274389403" lon="-4.02836453456894"></trkpt>
      <trkpt lat="43.16024463375284" lon="-4.027978474101456"></trkpt>
      <trkpt lat="43.16029061671149" lon="-4.027955397742492"></trkpt>
      <trkpt lat="43.16083901875703" lon="-4.027609687242535"></trkpt>
      <trkpt lat="43.16153905280544" lon="-4.027214998423787"></trkpt>
      <trkpt lat="43.1615511605031" lon="-4.027191333152494"></trkpt>
      <trkpt lat="43.16186158280351" lon="-4.026767980384133"></trkpt>
      <trkpt lat="43.1618731288009" lon="-4.026736263632998"></trkpt>
      <trkpt lat="43.16211792417844" lon="-4.025781011686803"></trkpt>
      <trkpt lat="43.16234516916312" lon="-4.025032983121424"></trkpt>
      <trkpt lat="43.16255560218001" lon="-4.023989769516023"></trkpt>
      <trkpt lat="43.16284884392447" lon="-4.024520711324912"></trkpt>
      <trkpt lat="43.16327655121708" lon="-4.025216907105767"></trkpt>
      <trkpt lat="43.16331171345414" lon="-4.025218937416746"></trkpt>
      <trkpt lat="43.16373089655549" lon="-4.025657611666182"></trkpt>
      <trkpt lat="43.16407384151385" lon="-4.026179454624407"></trkpt>
      <trkpt lat="43.16443742702157" lon="-4.0267554194747"></trkpt>
      <trkpt lat="43.16481394576198" lon="-4.026906730983263"></trkpt>
      <trkpt lat="43.16527359497876" lon="-4.026607909592441"></trkpt>
      <trkpt lat="43.16563480176018" lon="-4.026348558285161"></trkpt>
      <trkpt lat="43.16605279116993" lon="-4.026416972952013"></trkpt>
      <trkpt lat="43.16605872349582" lon="-4.026445334689392"></trkpt>
      <trkpt lat="43.16612497574553" lon="-4.02661615364731"></trkpt>
      <trkpt lat="43.16630035491973" lon="-4.026818794579064"></trkpt>
      <trkpt lat="43.16643957764546" lon="-4.026758506411737"></trkpt>
      <trkpt lat="43.16656140213381" lon="-4.026642450763385"></trkpt>
      <trkpt lat="43.16674180438059" lon="-4.026559633661039"></trkpt>
      <trkpt lat="43.16675720644344" lon="-4.026560346152804"></trkpt>
      <trkpt lat="43.16697999024164" lon="-4.026709688583576"></trkpt>
      <trkpt lat="43.1670940388649" lon="-4.026641740054963"></trkpt>
      <trkpt lat="43.16732249259468" lon="-4.026842719450459"></trkpt>
      <trkpt lat="43.16733570536358" lon="-4.026854898288457"></trkpt>
      <trkpt lat="43.16744414896982" lon="-4.026943233300112"></trkpt>
      <trkpt lat="43.16745031199665" lon="-4.026954978014493"></trkpt>
      <trkpt lat="43.16755127313942" lon="-4.027009129172511"></trkpt>
      <trkpt lat="43.1675610241054" lon="-4.0269953975519"></trkpt>
      <trkpt lat="43.16772176546748" lon="-4.026813169613851"></trkpt>
      <trkpt lat="43.16772968155631" lon="-4.026804400349556"></trkpt>
      <trkpt lat="43.16786207446257" lon="-4.026634326864452"></trkpt>
      <trkpt lat="43.16812938356958" lon="-4.026016631126293"></trkpt>
      <trkpt lat="43.16827436187835" lon="-4.02576715244365"></trkpt>
      <trkpt lat="43.16828260395485" lon="-4.025746115154649"></trkpt>
      <trkpt lat="43.16843037208908" lon="-4.025417101798549"></trkpt>
      <trkpt lat="43.16847008235274" lon="-4.025185172719087"></trkpt>
      <trkpt lat="43.16846788053611" lon="-4.025167508997693"></trkpt>
      <trkpt lat="43.16844778453935" lon="-4.024751237051789"></trkpt>
      <trkpt lat="43.16845009785983" lon="-4.02473733093605"></trkpt>
      <trkpt lat="43.16849033438311" lon="-4.024295664839804"></trkpt>
      <trkpt lat="43.16853051053841" lon="-4.024081812301406"></trkpt>
      <trkpt lat="43.16859501447006" lon="-4.024055930190452"></trkpt>
      <trkpt lat="43.16859999686" lon="-4.02405564298847"></trkpt>
      <trkpt lat="43.16866907515864" lon="-4.024047128513654"></trkpt>
      <trkpt lat="43.16867421773413" lon="-4.023983592054241"></trkpt>
      <trkpt lat="43.16865188401454" lon="-4.023944662433144"></trkpt>
      <trkpt lat="43.16864144306471" lon="-4.023879613860826"></trkpt>
      <trkpt lat="43.16868367828847" lon="-4.023830159772412"></trkpt>
      <trkpt lat="43.16871794543925" lon="-4.023636726943817"></trkpt>
      <trkpt lat="43.16874141992142" lon="-4.023460934774935"></trkpt>
      <trkpt lat="43.16875546738432" lon="-4.023336620653758"></trkpt>
      <trkpt lat="43.16877830008761" lon="-4.023197679037396"></trkpt>
      <trkpt lat="43.16868331787342" lon="-4.023024138649206"></trkpt>
      <trkpt lat="43.16863185452088" lon="-4.022768320653919"></trkpt>
      <trkpt lat="43.16862043499462" lon="-4.022408700413092"></trkpt>
      <trkpt lat="43.16864828134791" lon="-4.022111775145579"></trkpt>
      <trkpt lat="43.16860853735948" lon="-4.021556371875974"></trkpt>
      <trkpt lat="43.1686613928605" lon="-4.02107820277419"></trkpt>
      <trkpt lat="43.16894189341564" lon="-4.020826943824084"></trkpt>
      <trkpt lat="43.16895874522937" lon="-4.020787941621967"></trkpt>
      <trkpt lat="43.16928873470569" lon="-4.020289956536528"></trkpt>
      <trkpt lat="43.16931205091029" lon="-4.020268671270868"></trkpt>
      <trkpt lat="43.16945245129924" lon="-4.019874885304633"></trkpt>
      <trkpt lat="43.16934060057496" lon="-4.019328179043621"></trkpt>
      <trkpt lat="43.16918949744209" lon="-4.019096828605983"></trkpt>
      <trkpt lat="43.169108846758" lon="-4.018523245983006"></trkpt>
      <trkpt lat="43.16971368721479" lon="-4.017966585393282"></trkpt>
      <trkpt lat="43.17026328823253" lon="-4.01806612554886"></trkpt>
      <trkpt lat="43.17085843793786" lon="-4.018346597094309"></trkpt>
      <trkpt lat="43.17124867727522" lon="-4.018537698664607"></trkpt>
      <trkpt lat="43.17165098632233" lon="-4.018419951057572"></trkpt>
      <trkpt lat="43.17202600123694" lon="-4.018246994473598"></trkpt>
      <trkpt lat="43.17219121569495" lon="-4.017975616817661"></trkpt>
      <trkpt lat="43.1722100688642" lon="-4.01748509143327"></trkpt>
      <trkpt lat="43.17224946280524" lon="-4.016963440680895"></trkpt>
      <trkpt lat="43.17276418356045" lon="-4.016847798491461"></trkpt>
      <trkpt lat="43.17343948002387" lon="-4.016694981590827"></trkpt>
      <trkpt lat="43.17433430035302" lon="-4.016204276874906"></trkpt>
      <trkpt lat="43.17438872897389" lon="-4.016208618436757"></trkpt>
      <trkpt lat="43.17533222684613" lon="-4.016018073114116"></trkpt>
      <trkpt lat="43.1753546199862" lon="-4.016024723245401"></trkpt>
      <trkpt lat="43.17610331580283" lon="-4.015955603596377"></trkpt>
      <trkpt lat="43.17693547821958" lon="-4.015912885398708"></trkpt>
      <trkpt lat="43.17824971101869" lon="-4.016689938113181"></trkpt>
      <trkpt lat="43.17901702023329" lon="-4.017006366174875"></trkpt>
      <trkpt lat="43.17950182968291" lon="-4.017193090590324"></trkpt>
      <trkpt lat="43.18001886151465" lon="-4.017348584195895"></trkpt>
      <trkpt lat="43.18053119633262" lon="-4.018034077741003"></trkpt>
      <trkpt lat="43.1815023738251" lon="-4.01846787584648"></trkpt>
      <trkpt lat="43.18161906901691" lon="-4.018492372285327"></trkpt>
      <trkpt lat="43.18247777323334" lon="-4.018708082272879"></trkpt>
      <trkpt lat="43.18294255983164" lon="-4.018779018721395"></trkpt>
      <trkpt lat="43.18338941543999" lon="-4.018947313750867"></trkpt>
      <trkpt lat="43.18370554537767" lon="-4.018927423491867"></trkpt>
      <trkpt lat="43.18378669151333" lon="-4.019013325077561"></trkpt>
      <trkpt lat="43.18388282467235" lon="-4.019256061771087"></trkpt>
      <trkpt lat="43.18397076096774" lon="-4.019544011043124"></trkpt>
      <trkpt lat="43.18406200694264" lon="-4.019723752774053"></trkpt>
      <trkpt lat="43.18415426063006" lon="-4.019877827526349"></trkpt>
      <trkpt lat="43.18419819972677" lon="-4.020061230185838"></trkpt>
      <trkpt lat="43.18426554974623" lon="-4.020243608200589"></trkpt>
      <trkpt lat="43.18432902933284" lon="-4.020589550020629"></trkpt>
      <trkpt lat="43.18440262565927" lon="-4.020902369656934"></trkpt>
      <trkpt lat="43.18443470271989" lon="-4.021209500758674"></trkpt>
      <trkpt lat="43.18446139193756" lon="-4.021471786087631"></trkpt>
      <trkpt lat="43.18451683086783" lon="-4.021600167619046"></trkpt>
      <trkpt lat="43.18466494131973" lon="-4.021583621798542"></trkpt>
      <trkpt lat="43.18482349896743" lon="-4.021466278764823"></trkpt>
      <trkpt lat="43.18482865911251" lon="-4.02146257430947"></trkpt>
      <trkpt lat="43.18508631583911" lon="-4.021321141672209"></trkpt>
      <trkpt lat="43.18509099792071" lon="-4.021317897045371"></trkpt>
      <trkpt lat="43.18535005987589" lon="-4.021136323708675"></trkpt>
      <trkpt lat="43.18567219385092" lon="-4.020922156048909"></trkpt>
      <trkpt lat="43.18591235959714" lon="-4.020762564479149"></trkpt>
      <trkpt lat="43.18599566664796" lon="-4.020699155142587"></trkpt>
      <trkpt lat="43.18602998084786" lon="-4.020680444994406"></trkpt>
      <trkpt lat="43.18634954207143" lon="-4.020585481102227"></trkpt>
      <trkpt lat="43.18672965425036" lon="-4.020403833569971"></trkpt>
      <trkpt lat="43.18674969841637" lon="-4.020400761651931"></trkpt>
      <trkpt lat="43.18727591391061" lon="-4.020297634196615"></trkpt>
      <trkpt lat="43.18755492096879" lon="-4.020251120298233"></trkpt>
      <trkpt lat="43.18760484268196" lon="-4.02023152356099"></trkpt>
      <trkpt lat="43.18780184007708" lon="-4.020128592627003"></trkpt>
      <trkpt lat="43.18785682670911" lon="-4.019888623753861"></trkpt>
      <trkpt lat="43.18785796467359" lon="-4.019870652946729"></trkpt>
      <trkpt lat="43.18785409396394" lon="-4.019554596057948"></trkpt>
      <trkpt lat="43.18785846256746" lon="-4.01953280247462"></trkpt>
      <trkpt lat="43.18801502885924" lon="-4.019108956939391"></trkpt>
      <trkpt lat="43.18805917956534" lon="-4.018738681759024"></trkpt>
      <trkpt lat="43.18807781601356" lon="-4.018171921157194"></trkpt>
      <trkpt lat="43.18836836038388" lon="-4.017509440995276"></trkpt>
      <trkpt lat="43.18856434941812" lon="-4.017002117416679"></trkpt>
      <trkpt lat="43.1885764373659" lon="-4.016992990319981"></trkpt>
      <trkpt lat="43.18888251418909" lon="-4.016692625707709"></trkpt>
      <trkpt lat="43.18934087706949" lon="-4.016359648534524"></trkpt>
      <trkpt lat="43.18965330722963" lon="-4.016446938404946"></trkpt>
      <trkpt lat="43.18982920335563" lon="-4.016767718187094"></trkpt>
      <trkpt lat="43.18982565849404" lon="-4.016813260219569"></trkpt>
      <trkpt lat="43.18985118951186" lon="-4.017114528410133"></trkpt>
      <trkpt lat="43.18985650744104" lon="-4.017131635601316"></trkpt>
      <trkpt lat="43.18995221507382" lon="-4.017405549435681"></trkpt>
      <trkpt lat="43.19016077946729" lon="-4.017446361477757"></trkpt>
      <trkpt lat="43.190404056647" lon="-4.017366080165009"></trkpt>
      <trkpt lat="43.1905697852322" lon="-4.017253038990348"></trkpt>
      <trkpt lat="43.19060200176391" lon="-4.01748081737752"></trkpt>
      <trkpt lat="43.19059904132196" lon="-4.017493345977138"></trkpt>
      <trkpt lat="43.1905799338745" lon="-4.017536965465899"></trkpt>
      <trkpt lat="43.19049992757569" lon="-4.017762357025335"></trkpt>
      <trkpt lat="43.19049420561375" lon="-4.017778968834573"></trkpt>
      <trkpt lat="43.190448122394" lon="-4.017996084302568"></trkpt>
      <trkpt lat="43.19045060482623" lon="-4.018012794258766"></trkpt>
      <trkpt lat="43.19056887745321" lon="-4.018121457159164"></trkpt>
      <trkpt lat="43.19059232113808" lon="-4.018120577543334"></trkpt>
      <trkpt lat="43.19075954175334" lon="-4.01812089849344"></trkpt>
      <trkpt lat="43.19108519096847" lon="-4.017811540912668"></trkpt>
      <trkpt lat="43.1916349394822" lon="-4.017836046056942"></trkpt>
      <trkpt lat="43.1916514828217" lon="-4.017852548207218"></trkpt>
      <trkpt lat="43.19198615159227" lon="-4.017803981132376"></trkpt>
      <trkpt lat="43.19220028240921" lon="-4.017724966322811"></trkpt>
      <trkpt lat="43.19273527145097" lon="-4.017626659737129"></trkpt>
      <trkpt lat="43.193067761325" lon="-4.017388587003452"></trkpt>
      <trkpt lat="43.19307973082854" lon="-4.017376378022775"></trkpt>
      <trkpt lat="43.19334241291412" lon="-4.017027345334144"></trkpt>
      <trkpt lat="43.19368180759554" lon="-4.016819052541201"></trkpt>
      <trkpt lat="43.19369901264336" lon="-4.016809499891959"></trkpt>
      <trkpt lat="43.19398882364155" lon="-4.016481502422734"></trkpt>
      <trkpt lat="43.19408380078311" lon="-4.016595222577037"></trkpt>
      <trkpt lat="43.19406058971445" lon="-4.01715385287213"></trkpt>
      <trkpt lat="43.1938785084506" lon="-4.01768992703393"></trkpt>
      <trkpt lat="43.19380960883517" lon="-4.01795947833532"></trkpt>
      <trkpt lat="43.19380855510579" lon="-4.017966608970593"></trkpt>
      <trkpt lat="43.19380974915609" lon="-4.018157598633268"></trkpt>
      <trkpt lat="43.19381487093594" lon="-4.018159832733042"></trkpt>
      <trkpt lat="43.19401549966166" lon="-4.018049467266937"></trkpt>
      <trkpt lat="43.19404413242733" lon="-4.018031862022035"></trkpt>
      <trkpt lat="43.19428020664891" lon="-4.017724995596325"></trkpt>
      <trkpt lat="43.19429639249278" lon="-4.017703217725048"></trkpt>
      <trkpt lat="43.19459589686911" lon="-4.017311921592962"></trkpt>
      <trkpt lat="43.19461374026464" lon="-4.017304692113277"></trkpt>
      <trkpt lat="43.19476980588486" lon="-4.017175739930715"></trkpt>
      <trkpt lat="43.19490983873583" lon="-4.016987460556454"></trkpt>
      <trkpt lat="43.19491715334058" lon="-4.016955096088807"></trkpt>
      <trkpt lat="43.19501355802905" lon="-4.016604141390715"></trkpt>
      <trkpt lat="43.1950370532527" lon="-4.016585288685718"></trkpt>
      <trkpt lat="43.19517553123233" lon="-4.016527630320216"></trkpt>
      <trkpt lat="43.19538034111744" lon="-4.016517479122824"></trkpt>
      <trkpt lat="43.19542585816421" lon="-4.015931011902266"></trkpt>
      <trkpt lat="43.19542255325293" lon="-4.01588545803254"></trkpt>
      <trkpt lat="43.19546130157206" lon="-4.015382535172563"></trkpt>
      <trkpt lat="43.19552252845455" lon="-4.014988356382694"></trkpt>
      <trkpt lat="43.19552761062816" lon="-4.014962331697537"></trkpt>
      <trkpt lat="43.19557106237681" lon="-4.014590154756501"></trkpt>
      <trkpt lat="43.19567910901583" lon="-4.014373310470623"></trkpt>
      <trkpt lat="43.19559767328177" lon="-4.014199419395434"></trkpt>
      <trkpt lat="43.19539162708364" lon="-4.014020183041936"></trkpt>
      <trkpt lat="43.19538515877461" lon="-4.014014609532071"></trkpt>
      <trkpt lat="43.19513254956031" lon="-4.013868942260546"></trkpt>
      <trkpt lat="43.19498879103684" lon="-4.013767059330294"></trkpt>
      <trkpt lat="43.19475386515872" lon="-4.013310040719339"></trkpt>
      <trkpt lat="43.19436477383142" lon="-4.012624245225665"></trkpt>
      <trkpt lat="43.19354015898052" lon="-4.011797825413133"></trkpt>
      <trkpt lat="43.19261927292705" lon="-4.011244663710119"></trkpt>
      <trkpt lat="43.19203971761776" lon="-4.010407968346547"></trkpt>
      <trkpt lat="43.19201366919915" lon="-4.010368330462252"></trkpt>
      <trkpt lat="43.19154340891997" lon="-4.009530731208566"></trkpt>
      <trkpt lat="43.19103481206369" lon="-4.008702261282044"></trkpt>
      <trkpt lat="43.190189460105" lon="-4.007760379106521"></trkpt>
      <trkpt lat="43.19015605894736" lon="-4.007743812346007"></trkpt>
      <trkpt lat="43.1892857122815" lon="-4.00718318508903"></trkpt>
      <trkpt lat="43.18859332253675" lon="-4.006885553095978"></trkpt>
      <trkpt lat="43.18854519865345" lon="-4.006869964494828"></trkpt>
      <trkpt lat="43.18792993155491" lon="-4.006534405016834"></trkpt>
      <trkpt lat="43.18791849586091" lon="-4.00654632498021"></trkpt>
      <trkpt lat="43.18732477316577" lon="-4.006324624714215"></trkpt>
      <trkpt lat="43.18734973309375" lon="-4.005985414864256"></trkpt>
      <trkpt lat="43.18735274755958" lon="-4.005955194078412"></trkpt>
      <trkpt lat="43.1873797169597" lon="-4.005566263588828"></trkpt>
      <trkpt lat="43.1873909081972" lon="-4.005268835500789"></trkpt>
      <trkpt lat="43.18738595977253" lon="-4.005239395636763"></trkpt>
      <trkpt lat="43.18730528104436" lon="-4.004856047667225"></trkpt>
      <trkpt lat="43.18709952268119" lon="-4.005224482042793"></trkpt>
      <trkpt lat="43.1869898478544" lon="-4.005314748797954"></trkpt>
      <trkpt lat="43.18697658171366" lon="-4.005300396987863"></trkpt>
      <trkpt lat="43.18683776776036" lon="-4.004997476297821"></trkpt>
      <trkpt lat="43.18683283826775" lon="-4.004409497077809"></trkpt>
      <trkpt lat="43.18686142060048" lon="-4.00382504086751"></trkpt>
      <trkpt lat="43.18688626677175" lon="-4.00343379399624"></trkpt>
      <trkpt lat="43.18687609979031" lon="-4.003389095517331"></trkpt>
      <trkpt lat="43.18671487973392" lon="-4.002974949726879"></trkpt>
      <trkpt lat="43.18669750696274" lon="-4.002950030792144"></trkpt>
      <trkpt lat="43.18636881111172" lon="-4.002727708267454"></trkpt>
      <trkpt lat="43.18634680157899" lon="-4.002719444035296"></trkpt>
      <trkpt lat="43.18604446407537" lon="-4.002286106482524"></trkpt>
      <trkpt lat="43.185820422836" lon="-4.001530275587772"></trkpt>
      <trkpt lat="43.18564092394304" lon="-4.001119499276196"></trkpt>
      <trkpt lat="43.18561136383688" lon="-4.001087394058692"></trkpt>
      <trkpt lat="43.18543301082447" lon="-4.000866946828102"></trkpt>
      <trkpt lat="43.18532622732845" lon="-4.000410159086281"></trkpt>
      <trkpt lat="43.18544797284249" lon="-4.000189782128168"></trkpt>
      <trkpt lat="43.18544531774968" lon="-4.00016976945473"></trkpt>
      <trkpt lat="43.18555053781876" lon="-3.999970451612149"></trkpt>
      <trkpt lat="43.18554099786527" lon="-3.999919910536494"></trkpt>
      <trkpt lat="43.1855908800688" lon="-3.999759114608712"></trkpt>
      <trkpt lat="43.18575246830802" lon="-3.999880676882089"></trkpt>
      <trkpt lat="43.18545280179995" lon="-3.999293492438651"></trkpt>
      <trkpt lat="43.18544213713424" lon="-3.999285144367427"></trkpt>
      <trkpt lat="43.18497905854638" lon="-3.998853552370156"></trkpt>
      <trkpt lat="43.18469480991783" lon="-3.999008227172882"></trkpt>
      <trkpt lat="43.18454602092463" lon="-3.998177271404718"></trkpt>
      <trkpt lat="43.18391856665848" lon="-3.997583046892352"></trkpt>
      <trkpt lat="43.18313362827306" lon="-3.996933432418779"></trkpt>
      <trkpt lat="43.18308837988673" lon="-3.996912964209161"></trkpt>
      <trkpt lat="43.18250454931756" lon="-3.996458002645399"></trkpt>
      <trkpt lat="43.18207424512818" lon="-3.995631920076929"></trkpt>
      <trkpt lat="43.182049682633" lon="-3.995584604988112"></trkpt>
      <trkpt lat="43.181560539566" lon="-3.995206483161682"></trkpt>
      <trkpt lat="43.18150551042158" lon="-3.995199919598729"></trkpt>
      <trkpt lat="43.18122902272868" lon="-3.994823606647499"></trkpt>
      <trkpt lat="43.18102275700798" lon="-3.994481732438007"></trkpt>
      <trkpt lat="43.18080642956629" lon="-3.994798159546932"></trkpt>
      <trkpt lat="43.18073440769984" lon="-3.994728818118713"></trkpt>
      <trkpt lat="43.18019599404997" lon="-3.993887399952301"></trkpt>
      <trkpt lat="43.17970436139771" lon="-3.99260565420654"></trkpt>
      <trkpt lat="43.17923977062021" lon="-3.991641319094976"></trkpt>
      <trkpt lat="43.17889855722617" lon="-3.990575386442992"></trkpt>
      <trkpt lat="43.17884013386982" lon="-3.989777534327896"></trkpt>
      <trkpt lat="43.17883387301934" lon="-3.989719534434738"></trkpt>
      <trkpt lat="43.17878444193595" lon="-3.989060004438222"></trkpt>
      <trkpt lat="43.17954037071119" lon="-3.988365599032375"></trkpt>
      <trkpt lat="43.18000584521895" lon="-3.987920864081749"></trkpt>
      <trkpt lat="43.18041074648399" lon="-3.987506587601588"></trkpt>
      <trkpt lat="43.18114629491914" lon="-3.988072919351724"></trkpt>
      <trkpt lat="43.18117287193944" lon="-3.988092040490346"></trkpt>
      <trkpt lat="43.18172564312196" lon="-3.988425737391168"></trkpt>
      <trkpt lat="43.18232829167302" lon="-3.988323382730851"></trkpt>
      <trkpt lat="43.18280721999952" lon="-3.988484790428248"></trkpt>
      <trkpt lat="43.1831008730278" lon="-3.987832053243495"></trkpt>
      <trkpt lat="43.18310170905199" lon="-3.986911858569606"></trkpt>
      <trkpt lat="43.18304667273062" lon="-3.986212096967683"></trkpt>
      <trkpt lat="43.18303762593273" lon="-3.986181573736371"></trkpt>
      <trkpt lat="43.18263748459658" lon="-3.985125869085362"></trkpt>
      <trkpt lat="43.18268829074999" lon="-3.984404433293216"></trkpt>
      <trkpt lat="43.18280056641514" lon="-3.984100991756948"></trkpt>
      <trkpt lat="43.18275194933531" lon="-3.983400393715038"></trkpt>
      <trkpt lat="43.18266163139046" lon="-3.983021018327233"></trkpt>
      <trkpt lat="43.18253198872535" lon="-3.982872962696428"></trkpt>
      <trkpt lat="43.18251715907668" lon="-3.98286367724529"></trkpt>
      <trkpt lat="43.18237643893088" lon="-3.982731585755993"></trkpt>
      <trkpt lat="43.18228367748326" lon="-3.982562962790702"></trkpt>
      <trkpt lat="43.18223606584876" lon="-3.982424587330992"></trkpt>
      <trkpt lat="43.18280800510795" lon="-3.981876633192049"></trkpt>
      <trkpt lat="43.18321269049277" lon="-3.981448780508686"></trkpt>
      <trkpt lat="43.18367231782008" lon="-3.980934376643912"></trkpt>
      <trkpt lat="43.18368358952657" lon="-3.980922474276211"></trkpt>
      <trkpt lat="43.18413479076089" lon="-3.980344762750353"></trkpt>
      <trkpt lat="43.18414957737292" lon="-3.980328060632404"></trkpt>
      <trkpt lat="43.18458949951286" lon="-3.979869315256318"></trkpt>
      <trkpt lat="43.18477723555272" lon="-3.979460702335879"></trkpt>
      <trkpt lat="43.18478026358636" lon="-3.979436400551713"></trkpt>
      <trkpt lat="43.18492759010896" lon="-3.979140465305215"></trkpt>
      <trkpt lat="43.18493550488033" lon="-3.979123932481255"></trkpt>
      <trkpt lat="43.18517291455202" lon="-3.978833529951902"></trkpt>
      <trkpt lat="43.18531921224418" lon="-3.978699441403337"></trkpt>
      <trkpt lat="43.18585328281568" lon="-3.978924380089035"></trkpt>
      <trkpt lat="43.18626964988848" lon="-3.978937603250251"></trkpt>
      <trkpt lat="43.18628525912069" lon="-3.978941155429312"></trkpt>
      <trkpt lat="43.18653793936463" lon="-3.978900446984517"></trkpt>
      <trkpt lat="43.18655588873821" lon="-3.978895228368797"></trkpt>
      <trkpt lat="43.18697179513098" lon="-3.978769315922648"></trkpt>
      <trkpt lat="43.18699699149055" lon="-3.978757917436623"></trkpt>
      <trkpt lat="43.18744959758246" lon="-3.978589926913231"></trkpt>
      <trkpt lat="43.18747126722485" lon="-3.978591809664246"></trkpt>
      <trkpt lat="43.18751390410415" lon="-3.978583943105851"></trkpt>
      <trkpt lat="43.18779731479441" lon="-3.978459876105458"></trkpt>
      <trkpt lat="43.18785100365657" lon="-3.978308045204876"></trkpt>
      <trkpt lat="43.18771819793324" lon="-3.9781479761692"></trkpt>
      <trkpt lat="43.18771035404176" lon="-3.978134554745347"></trkpt>
      <trkpt lat="43.18750068345074" lon="-3.9781826664714"></trkpt>
      <trkpt lat="43.18725237404472" lon="-3.978202740427987"></trkpt>
      <trkpt lat="43.18722541018629" lon="-3.978201938257567"></trkpt>
      <trkpt lat="43.1869544921332" lon="-3.978135719023292"></trkpt>
      <trkpt lat="43.18693258508087" lon="-3.978121691670093"></trkpt>
      <trkpt lat="43.18658506463931" lon="-3.977828050468728"></trkpt>
      <trkpt lat="43.18657001388492" lon="-3.977820582203332"></trkpt>
      <trkpt lat="43.18632105764207" lon="-3.977541918831714"></trkpt>
      <trkpt lat="43.18601197569307" lon="-3.977029310992088"></trkpt>
      <trkpt lat="43.18576669089244" lon="-3.976483669979856"></trkpt>
      <trkpt lat="43.18574736484668" lon="-3.976444740755551"></trkpt>
      <trkpt lat="43.18558477044118" lon="-3.976022269470446"></trkpt>
      <trkpt lat="43.18558348895809" lon="-3.976005053394221"></trkpt>
      <trkpt lat="43.18572500284372" lon="-3.975601152412741"></trkpt>
      <trkpt lat="43.18598502126846" lon="-3.9752190028459"></trkpt>
      <trkpt lat="43.18608485218866" lon="-3.974783311190077"></trkpt>
      <trkpt lat="43.18609300853274" lon="-3.974763470228023"></trkpt>
      <trkpt lat="43.1863618140106" lon="-3.974122216181661"></trkpt>
      <trkpt lat="43.18664602664347" lon="-3.973731597015937"></trkpt>
      <trkpt lat="43.18713915597201" lon="-3.972932532811423"></trkpt>
      <trkpt lat="43.18740330366428" lon="-3.972589011493441"></trkpt>
      <trkpt lat="43.18742806155697" lon="-3.972552978984035"></trkpt>
      <trkpt lat="43.18770720671834" lon="-3.971885360617036"></trkpt>
      <trkpt lat="43.18772041800685" lon="-3.971861832448003"></trkpt>
      <trkpt lat="43.18803796434994" lon="-3.971291262306599"></trkpt>
      <trkpt lat="43.18804656206358" lon="-3.971275311385795"></trkpt>
      <trkpt lat="43.18839865619979" lon="-3.970510583708372"></trkpt>
      <trkpt lat="43.18867143266341" lon="-3.969619333115855"></trkpt>
      <trkpt lat="43.18890854496744" lon="-3.969132845911124"></trkpt>
      <trkpt lat="43.18857866401058" lon="-3.969014191210619"></trkpt>
      <trkpt lat="43.18794465902537" lon="-3.969110452137539"></trkpt>
      <trkpt lat="43.18742426227844" lon="-3.96887506715892"></trkpt>
      <trkpt lat="43.18739658295409" lon="-3.96885481455091"></trkpt>
      <trkpt lat="43.1869461744835" lon="-3.968692016429436"></trkpt>
      <trkpt lat="43.18692272593862" lon="-3.968684934727331"></trkpt>
      <trkpt lat="43.18626535677137" lon="-3.968331557079188"></trkpt>
      <trkpt lat="43.18544375371543" lon="-3.968009692237648"></trkpt>
      <trkpt lat="43.18505781225772" lon="-3.967961222276444"></trkpt>
      <trkpt lat="43.18475327855104" lon="-3.967466798019528"></trkpt>
      <trkpt lat="43.18417906083415" lon="-3.966807972682962"></trkpt>
      <trkpt lat="43.18414994518876" lon="-3.966770561981336"></trkpt>
      <trkpt lat="43.18379206055445" lon="-3.966435251012185"></trkpt>
      <trkpt lat="43.18330800871182" lon="-3.965711306041134"></trkpt>
      <trkpt lat="43.18300974560039" lon="-3.965075050844895"></trkpt>
      <trkpt lat="43.18243776054808" lon="-3.964530981782253"></trkpt>
      <trkpt lat="43.18239976377199" lon="-3.964504598424594"></trkpt>
      <trkpt lat="43.18189493819489" lon="-3.964384660476501"></trkpt>
      <trkpt lat="43.18186101681521" lon="-3.964408996210949"></trkpt>
      <trkpt lat="43.18145615375693" lon="-3.964651058411742"></trkpt>
      <trkpt lat="43.18144171292859" lon="-3.964691463965585"></trkpt>
      <trkpt lat="43.18121326696661" lon="-3.964864635275317"></trkpt>
      <trkpt lat="43.18074145516997" lon="-3.964386444785152"></trkpt>
      <trkpt lat="43.18039949317444" lon="-3.963860052798942"></trkpt>
      <trkpt lat="43.18034929738796" lon="-3.963818049045627"></trkpt>
      <trkpt lat="43.1798393886576" lon="-3.96328942574986"></trkpt>
      <trkpt lat="43.1797769594387" lon="-3.963229882739357"></trkpt>
      <trkpt lat="43.17921912174878" lon="-3.962376819353347"></trkpt>
      <trkpt lat="43.17888077470477" lon="-3.961824163347798"></trkpt>
      <trkpt lat="43.17884831628386" lon="-3.961779592996439"></trkpt>
      <trkpt lat="43.17841420109553" lon="-3.961257575825059"></trkpt>
      <trkpt lat="43.17838422534339" lon="-3.96121715781572"></trkpt>
      <trkpt lat="43.17790406094247" lon="-3.960350390102007"></trkpt>
      <trkpt lat="43.17788593467409" lon="-3.960305568999827"></trkpt>
      <trkpt lat="43.17749012200912" lon="-3.958997116483711"></trkpt>
      <trkpt lat="43.17698324128956" lon="-3.957831152967675"></trkpt>
      <trkpt lat="43.17696507826003" lon="-3.956877842249269"></trkpt>
      <trkpt lat="43.17697002345941" lon="-3.95686900810827"></trkpt>
      <trkpt lat="43.17743393114411" lon="-3.955348972365366"></trkpt>
      <trkpt lat="43.17825873031231" lon="-3.954542098411874"></trkpt>
      <trkpt lat="43.17910052243381" lon="-3.954633715026139"></trkpt>
      <trkpt lat="43.17988315961058" lon="-3.955118788377585"></trkpt>
      <trkpt lat="43.17992703584196" lon="-3.955104471081746"></trkpt>
      <trkpt lat="43.18052969999696" lon="-3.955209518841707"></trkpt>
      <trkpt lat="43.18056690700759" lon="-3.955231134882115"></trkpt>
      <trkpt lat="43.18109913660714" lon="-3.955533732104914"></trkpt>
      <trkpt lat="43.18112951545115" lon="-3.955564953479469"></trkpt>
      <trkpt lat="43.18140532110076" lon="-3.956222629209984"></trkpt>
      <trkpt lat="43.18143854662973" lon="-3.956239748861161"></trkpt>
      <trkpt lat="43.18176593403491" lon="-3.956381164021313"></trkpt>
      <trkpt lat="43.18179524205499" lon="-3.956362168801616"></trkpt>
      <trkpt lat="43.18196596150601" lon="-3.956019473522092"></trkpt>
      <trkpt lat="43.18196275328553" lon="-3.955947670433147"></trkpt>
      <trkpt lat="43.181919149429" lon="-3.954775922298967"></trkpt>
      <trkpt lat="43.18206237057318" lon="-3.954278481965672"></trkpt>
      <trkpt lat="43.18253920510369" lon="-3.953303098165823"></trkpt>
      <trkpt lat="43.18225222486123" lon="-3.953383578083884"></trkpt>
      <trkpt lat="43.18205434631277" lon="-3.95347227624445"></trkpt>
      <trkpt lat="43.1818813100525" lon="-3.953337535428175"></trkpt>
      <trkpt lat="43.18188141232911" lon="-3.95331794299413"></trkpt>
      <trkpt lat="43.18198609005425" lon="-3.952698582537378"></trkpt>
      <trkpt lat="43.18198792716442" lon="-3.95267807148673"></trkpt>
      <trkpt lat="43.18199856627224" lon="-3.952162696302262"></trkpt>
      <trkpt lat="43.18200328137356" lon="-3.952130617982711"></trkpt>
      <trkpt lat="43.18201811671314" lon="-3.951482559034866"></trkpt>
      <trkpt lat="43.1821003605463" lon="-3.95125748455778"></trkpt>
      <trkpt lat="43.18211645466414" lon="-3.951235676393585"></trkpt>
      <trkpt lat="43.18231160336912" lon="-3.950921073975429"></trkpt>
      <trkpt lat="43.18232759619136" lon="-3.950918724977353"></trkpt>
      <trkpt lat="43.18256744347331" lon="-3.950920082204583"></trkpt>
      <trkpt lat="43.18265547271046" lon="-3.950526900095193"></trkpt>
      <trkpt lat="43.18327191673512" lon="-3.949708833572339"></trkpt>
      <trkpt lat="43.18368128359043" lon="-3.949340481559268"></trkpt>
      <trkpt lat="43.18369929478316" lon="-3.949334981939448"></trkpt>
      <trkpt lat="43.18413475030814" lon="-3.948934144005394"></trkpt>
      <trkpt lat="43.18415111821825" lon="-3.94891678713863"></trkpt>
      <trkpt lat="43.18436997448055" lon="-3.948440928580962"></trkpt>
      <trkpt lat="43.18437477602116" lon="-3.948426284807508"></trkpt>
      <trkpt lat="43.18458364499283" lon="-3.948195381837984"></trkpt>
      <trkpt lat="43.185243571861" lon="-3.947504469674292"></trkpt>
      <trkpt lat="43.18557278850516" lon="-3.94698560529534"></trkpt>
      <trkpt lat="43.1857406074783" lon="-3.946700957664814"></trkpt>
      <trkpt lat="43.18638487660576" lon="-3.946462213296948"></trkpt>
      <trkpt lat="43.18641949333858" lon="-3.946443772412969"></trkpt>
      <trkpt lat="43.18674367102054" lon="-3.946332607371787"></trkpt>
      <trkpt lat="43.18678276199082" lon="-3.946330515736611"></trkpt>
      <trkpt lat="43.18711609814164" lon="-3.946234801503532"></trkpt>
      <trkpt lat="43.1873636517102" lon="-3.94567413088504"></trkpt>
      <trkpt lat="43.187723826749" lon="-3.945371426036912"></trkpt>
      <trkpt lat="43.18774188722483" lon="-3.945344561191714"></trkpt>
      <trkpt lat="43.18795121298673" lon="-3.945105121013429"></trkpt>
      <trkpt lat="43.18810252045805" lon="-3.945003315900699"></trkpt>
      <trkpt lat="43.18811053339756" lon="-3.945020456407763"></trkpt>
      <trkpt lat="43.18830256314509" lon="-3.945355590064699"></trkpt>
      <trkpt lat="43.18829510493023" lon="-3.945740148948775"></trkpt>
      <trkpt lat="43.1882196165654" lon="-3.946104579708854"></trkpt>
      <trkpt lat="43.1882483981517" lon="-3.946303425033561"></trkpt>
      <trkpt lat="43.18849658894295" lon="-3.946266564322467"></trkpt>
      <trkpt lat="43.18942293172171" lon="-3.945604116668465"></trkpt>
      <trkpt lat="43.19025389551631" lon="-3.944899644172677"></trkpt>
      <trkpt lat="43.19027681752942" lon="-3.944857885952415"></trkpt>
      <trkpt lat="43.19086200721934" lon="-3.944281342252084"></trkpt>
      <trkpt lat="43.19108506830716" lon="-3.943484816694403"></trkpt>
      <trkpt lat="43.19167647890934" lon="-3.942637929085872"></trkpt>
      <trkpt lat="43.19221787403807" lon="-3.942730411908462"></trkpt>
      <trkpt lat="43.19252194297124" lon="-3.94235164105402"></trkpt>
      <trkpt lat="43.19350855321697" lon="-3.941918731735877"></trkpt>
      <trkpt lat="43.19401041101062" lon="-3.941930519380398"></trkpt>
      <trkpt lat="43.19426969482947" lon="-3.941531480919843"></trkpt>
      <trkpt lat="43.19491821421656" lon="-3.940375462006718"></trkpt>
      <trkpt lat="43.19551964602118" lon="-3.939681692438783"></trkpt>
      <trkpt lat="43.19554522060785" lon="-3.939640262520258"></trkpt>
      <trkpt lat="43.19589029448754" lon="-3.939143490369272"></trkpt>
      <trkpt lat="43.1959078035612" lon="-3.939110646373469"></trkpt>
      <trkpt lat="43.19615115880039" lon="-3.938419412432653"></trkpt>
      <trkpt lat="43.19624330024959" lon="-3.937838855026954"></trkpt>
      <trkpt lat="43.19701853360961" lon="-3.937534283590163"></trkpt>
      <trkpt lat="43.19703543426619" lon="-3.937532670758974"></trkpt>
      <trkpt lat="43.19739431698112" lon="-3.937324756102623"></trkpt>
      <trkpt lat="43.19779569144519" lon="-3.936982321883542"></trkpt>
      <trkpt lat="43.19813869966798" lon="-3.936634600770499"></trkpt>
      <trkpt lat="43.19853291884994" lon="-3.93658351385663"></trkpt>
      <trkpt lat="43.19941704194217" lon="-3.936309197751639"></trkpt>
      <trkpt lat="43.19945396193268" lon="-3.936308971984234"></trkpt>
      <trkpt lat="43.20028847659719" lon="-3.935859067730272"></trkpt>
      <trkpt lat="43.20061546682191" lon="-3.935386307120981"></trkpt>
      <trkpt lat="43.20119102063904" lon="-3.934814175183285"></trkpt>
      <trkpt lat="43.20174876339222" lon="-3.934424680956025"></trkpt>
      <trkpt lat="43.20177205047663" lon="-3.934411907985074"></trkpt>
      <trkpt lat="43.202284841982" lon="-3.934254073057296"></trkpt>
      <trkpt lat="43.20255755007661" lon="-3.934196452972013"></trkpt>
      <trkpt lat="43.20291111462524" lon="-3.934272232848347"></trkpt>
      <trkpt lat="43.20329618636288" lon="-3.934356666004834"></trkpt>
      <trkpt lat="43.20331695881084" lon="-3.934356381747606"></trkpt>
      <trkpt lat="43.20367397464857" lon="-3.934456804113498"></trkpt>
      <trkpt lat="43.20412466005546" lon="-3.934573395555829"></trkpt>
      <trkpt lat="43.20414048594711" lon="-3.93457274933803"></trkpt>
      <trkpt lat="43.2044866825084" lon="-3.93467891260272"></trkpt>
      <trkpt lat="43.20473845288871" lon="-3.934885479421109"></trkpt>
      <trkpt lat="43.20501773203816" lon="-3.935022741658956"></trkpt>
      <trkpt lat="43.20526588640269" lon="-3.935058497930359"></trkpt>
      <trkpt lat="43.20547979999527" lon="-3.935053368672301"></trkpt>
      <trkpt lat="43.20594738494042" lon="-3.935127191819446"></trkpt>
      <trkpt lat="43.20639730330223" lon="-3.935174642769476"></trkpt>
      <trkpt lat="43.20677091534437" lon="-3.93512755935242"></trkpt>
      <trkpt lat="43.20704917711054" lon="-3.93513777459868"></trkpt>
      <trkpt lat="43.20707337690732" lon="-3.935133876087056"></trkpt>
      <trkpt lat="43.20738724775627" lon="-3.935270434623744"></trkpt>
      <trkpt lat="43.20740328335262" lon="-3.935293534061687"></trkpt>
      <trkpt lat="43.20761104376148" lon="-3.935573436122096"></trkpt>
      <trkpt lat="43.20761611253099" lon="-3.935578812529945"></trkpt>
      <trkpt lat="43.20786057094241" lon="-3.935977490070016"></trkpt>
      <trkpt lat="43.20797859115165" lon="-3.936224280554005"></trkpt>
      <trkpt lat="43.20819332544173" lon="-3.936382225184279"></trkpt>
      <trkpt lat="43.20828423180167" lon="-3.93631998914185"></trkpt>
      <trkpt lat="43.20840981377628" lon="-3.936559587331758"></trkpt>
      <trkpt lat="43.20850034919157" lon="-3.936638450839713"></trkpt>
      <trkpt lat="43.20880206353183" lon="-3.936900372601512"></trkpt>
      <trkpt lat="43.2089999647865" lon="-3.937030155766487"></trkpt>
      <trkpt lat="43.20935255983203" lon="-3.93728761618698"></trkpt>
      <trkpt lat="43.20990425494293" lon="-3.937606603941161"></trkpt>
      <trkpt lat="43.21051125146607" lon="-3.938044806750349"></trkpt>
      <trkpt lat="43.21108132748865" lon="-3.938419175228927"></trkpt>
      <trkpt lat="43.21108631540127" lon="-3.938424585464606"></trkpt>
      <trkpt lat="43.211548447073" lon="-3.938755854163448"></trkpt>
      <trkpt lat="43.21156453120562" lon="-3.938763841748771"></trkpt>
      <trkpt lat="43.21203012610578" lon="-3.939054776778649"></trkpt>
      <trkpt lat="43.21544264191348" lon="-3.941088758595532"></trkpt>
      <trkpt lat="43.21786833392671" lon="-3.942762829277531"></trkpt>
      <trkpt lat="43.21962774233685" lon="-3.943905477303389"></trkpt>
      <trkpt lat="43.21170208002392" lon="-3.93889719089124"></trkpt>
      <trkpt lat="43.21121912748234" lon="-3.938567511470976"></trkpt>
      <trkpt lat="43.21083074530125" lon="-3.938317537993079"></trkpt>
      <trkpt lat="43.21082424910303" lon="-3.938316323350763"></trkpt>
      <trkpt lat="43.21032467584292" lon="-3.937944474516668"></trkpt>
      <trkpt lat="43.21031570470836" lon="-3.937937784194222"></trkpt>
      <trkpt lat="43.21030361462149" lon="-3.937930602556937"></trkpt>
      <trkpt lat="43.20991794101423" lon="-3.937827014289613"></trkpt>
      <trkpt lat="43.20990552915602" lon="-3.937824762193563"></trkpt>
      <trkpt lat="43.20956981960722" lon="-3.938011141523173"></trkpt>
      <trkpt lat="43.20943731584582" lon="-3.938418744244209"></trkpt>
      <trkpt lat="43.20926297262524" lon="-3.938975329304149"></trkpt>
      <trkpt lat="43.2090502782414" lon="-3.939302302326957"></trkpt>
      <trkpt lat="43.20864537012241" lon="-3.939443514407945"></trkpt>
      <trkpt lat="43.20841116744455" lon="-3.939530964422175"></trkpt>
      <trkpt lat="43.20840771639812" lon="-3.939749622950979"></trkpt>
      <trkpt lat="43.20830099474669" lon="-3.939978187639505"></trkpt>
      <trkpt lat="43.20804334409802" lon="-3.940137640431844"></trkpt>
      <trkpt lat="43.20772653700468" lon="-3.940590885526611"></trkpt>
      <trkpt lat="43.20750621077835" lon="-3.940906233259737"></trkpt>
      <trkpt lat="43.20728835202994" lon="-3.941220664102929"></trkpt>
      <trkpt lat="43.20727393799144" lon="-3.941235962312458"></trkpt>
      <trkpt lat="43.20697490840484" lon="-3.941574196267442"></trkpt>
      <trkpt lat="43.20696064134908" lon="-3.941584139306564"></trkpt>
      <trkpt lat="43.20666983927445" lon="-3.941838668896559"></trkpt>
      <trkpt lat="43.20665428095308" lon="-3.94185093802734"></trkpt>
      <trkpt lat="43.20637408427468" lon="-3.942209923446041"></trkpt>
      <trkpt lat="43.20636294221778" lon="-3.942239530524201"></trkpt>
      <trkpt lat="43.20617949311632" lon="-3.942810634707905"></trkpt>
      <trkpt lat="43.20617371653434" lon="-3.94285555946385"></trkpt>
      <trkpt lat="43.2062286176543" lon="-3.943709153227992"></trkpt>
      <trkpt lat="43.2063533420797" lon="-3.944619617065364"></trkpt>
      <trkpt lat="43.20641870998754" lon="-3.945562229176431"></trkpt>
      <trkpt lat="43.20642027548642" lon="-3.945618771497086"></trkpt>
      <trkpt lat="43.20659360051526" lon="-3.946654090100465"></trkpt>
      <trkpt lat="43.20685059343163" lon="-3.947158675814906"></trkpt>
      <trkpt lat="43.20713720211047" lon="-3.947649245894604"></trkpt>
      <trkpt lat="43.20716266481143" lon="-3.94816245130901"></trkpt>
      <trkpt lat="43.20716396637155" lon="-3.948698295015176"></trkpt>
      <trkpt lat="43.20719568801682" lon="-3.949160069811347"></trkpt>
      <trkpt lat="43.20711065130939" lon="-3.949745265812035"></trkpt>
      <trkpt lat="43.20680224599884" lon="-3.950156470004921"></trkpt>
      <trkpt lat="43.2067561445139" lon="-3.950302166008912"></trkpt>
      <trkpt lat="43.20674749311186" lon="-3.950598350577124"></trkpt>
      <trkpt lat="43.20652055768246" lon="-3.950974339364708"></trkpt>
      <trkpt lat="43.20631655024969" lon="-3.951357118491833"></trkpt>
      <trkpt lat="43.20619084078221" lon="-3.951692452731529"></trkpt>
      <trkpt lat="43.20613816200805" lon="-3.952101329851601"></trkpt>
      <trkpt lat="43.20613609883031" lon="-3.952120704018941"></trkpt>
      <trkpt lat="43.20610379384549" lon="-3.952554623425957"></trkpt>
      <trkpt lat="43.20610316133609" lon="-3.952560469707436"></trkpt>
      <trkpt lat="43.2060065157049" lon="-3.953015099693743"></trkpt>
      <trkpt lat="43.20600520042167" lon="-3.953027165272069"></trkpt>
      <trkpt lat="43.20595116481157" lon="-3.953438519454366"></trkpt>
      <trkpt lat="43.2059520310469" lon="-3.953461908629793"></trkpt>
      <trkpt lat="43.20588384142376" lon="-3.953952234455874"></trkpt>
      <trkpt lat="43.20573311120267" lon="-3.954209495391059"></trkpt>
      <trkpt lat="43.20567281533665" lon="-3.954492408480284"></trkpt>
      <trkpt lat="43.20518326938694" lon="-3.954854663436227"></trkpt>
      <trkpt lat="43.20491836864485" lon="-3.954949479973568"></trkpt>
      <trkpt lat="43.20457560514934" lon="-3.95512958393954"></trkpt>
      <trkpt lat="43.20444516143688" lon="-3.955338867194605"></trkpt>
      <trkpt lat="43.20435362030408" lon="-3.95574854451915"></trkpt>
      <trkpt lat="43.20446960819056" lon="-3.955883709523"></trkpt>
      <trkpt lat="43.20458285278582" lon="-3.956170578969177"></trkpt>
      <trkpt lat="43.20457103270299" lon="-3.956412291664876"></trkpt>
      <trkpt lat="43.20441854345838" lon="-3.956657188359119"></trkpt>
      <trkpt lat="43.20428475984143" lon="-3.956940624517263"></trkpt>
      <trkpt lat="43.20415888807961" lon="-3.957013621816738"></trkpt>
      <trkpt lat="43.2040107132966" lon="-3.957056375540589"></trkpt>
      <trkpt lat="43.20381437057051" lon="-3.957529182349184"></trkpt>
      <trkpt lat="43.20361450767911" lon="-3.957989170387464"></trkpt>
      <trkpt lat="43.20335340844532" lon="-3.958751336201864"></trkpt>
      <trkpt lat="43.20334906047457" lon="-3.958770716731006"></trkpt>
      <trkpt lat="43.20312566412059" lon="-3.959339809189484"></trkpt>
      <trkpt lat="43.2029818878725" lon="-3.959825074548689"></trkpt>
      <trkpt lat="43.20285332904194" lon="-3.960183955991483"></trkpt>
      <trkpt lat="43.20274458787148" lon="-3.960563032155372"></trkpt>
      <trkpt lat="43.20263246009726" lon="-3.961007200292363"></trkpt>
      <trkpt lat="43.20252597625637" lon="-3.961473854105594"></trkpt>
      <trkpt lat="43.20220882675984" lon="-3.961999138759128"></trkpt>
      <trkpt lat="43.2019702446937" lon="-3.96239290331414"></trkpt>
      <trkpt lat="43.20168511582126" lon="-3.962749202678553"></trkpt>
      <trkpt lat="43.20154601636358" lon="-3.962970668584997"></trkpt>
      <trkpt lat="43.20136634752629" lon="-3.963133860962747"></trkpt>
      <trkpt lat="43.20117985721116" lon="-3.963311288476199"></trkpt>
      <trkpt lat="43.20105894459991" lon="-3.963182661799759"></trkpt>
      <trkpt lat="43.20098202229794" lon="-3.962933767742425"></trkpt>
      <trkpt lat="43.20098585127804" lon="-3.962664603628587"></trkpt>
      <trkpt lat="43.20101559879595" lon="-3.962453546925263"></trkpt>
      <trkpt lat="43.20102028993528" lon="-3.962220305680645"></trkpt>
      <trkpt lat="43.20097650000056" lon="-3.962049771180753"></trkpt>
      <trkpt lat="43.20085448180034" lon="-3.961924299118653"></trkpt>
      <trkpt lat="43.20073506528872" lon="-3.962045522722788"></trkpt>
      <trkpt lat="43.2007272901015" lon="-3.96206960253713"></trkpt>
      <trkpt lat="43.20063280241628" lon="-3.962271414126501"></trkpt>
      <trkpt lat="43.20049451688283" lon="-3.962488912685683"></trkpt>
      <trkpt lat="43.20032159920059" lon="-3.962692144131545"></trkpt>
      <trkpt lat="43.20020055805113" lon="-3.962734915672335"></trkpt>
      <trkpt lat="43.20006997918434" lon="-3.962806602215326"></trkpt>
      <trkpt lat="43.19998808093457" lon="-3.962963639906337"></trkpt>
      <trkpt lat="43.20000799563977" lon="-3.963175613795159"></trkpt>
      <trkpt lat="43.20012843868823" lon="-3.963456377431529"></trkpt>
      <trkpt lat="43.20013432808904" lon="-3.963472400327669"></trkpt>
      <trkpt lat="43.20019320524209" lon="-3.963815628962453"></trkpt>
      <trkpt lat="43.2002922570906" lon="-3.964013951423376"></trkpt>
      <trkpt lat="43.20031088098984" lon="-3.964046711115835"></trkpt>
      <trkpt lat="43.20039591697595" lon="-3.964318310636449"></trkpt>
      <trkpt lat="43.20067725527139" lon="-3.964457151341422"></trkpt>
      <trkpt lat="43.2009037818179" lon="-3.964574110098311"></trkpt>
      <trkpt lat="43.20108768499435" lon="-3.964665307558684"></trkpt>
      <trkpt lat="43.20121237735281" lon="-3.964846022561846"></trkpt>
      <trkpt lat="43.20130509547123" lon="-3.965350512633354"></trkpt>
      <trkpt lat="43.20128684570516" lon="-3.965660457634679"></trkpt>
      <trkpt lat="43.20113035972955" lon="-3.965915635463556"></trkpt>
      <trkpt lat="43.20076874005121" lon="-3.965722364120206"></trkpt>
      <trkpt lat="43.20058137085218" lon="-3.965753870043447"></trkpt>
      <trkpt lat="43.2004120082179" lon="-3.965859687419858"></trkpt>
      <trkpt lat="43.20014315939263" lon="-3.9659216734337"></trkpt>
      <trkpt lat="43.19991712686627" lon="-3.965963071672257"></trkpt>
      <trkpt lat="43.19989890586205" lon="-3.965990061683233"></trkpt>
      <trkpt lat="43.19959514284344" lon="-3.966193173364927"></trkpt>
      <trkpt lat="43.19934497189251" lon="-3.966265689315501"></trkpt>
      <trkpt lat="43.19939230315025" lon="-3.966656760440524"></trkpt>
      <trkpt lat="43.19944708464723" lon="-3.967033713233674"></trkpt>
      <trkpt lat="43.19954065550693" lon="-3.967362721037075"></trkpt>
      <trkpt lat="43.19972334377049" lon="-3.967611975992401"></trkpt>
      <trkpt lat="43.19974128108308" lon="-3.96761368893334"></trkpt>
      <trkpt lat="43.20005867026506" lon="-3.967724379925403"></trkpt>
      <trkpt lat="43.20043665060824" lon="-3.967563402083576"></trkpt>
      <trkpt lat="43.20046124340661" lon="-3.9675379343418"></trkpt>
      <trkpt lat="43.20046941749668" lon="-3.967529469381338"></trkpt>
      <trkpt lat="43.20066085652942" lon="-3.967346445469182"></trkpt>
      <trkpt lat="43.20066814091143" lon="-3.967333984303273"></trkpt>
      <trkpt lat="43.20096921338235" lon="-3.967123558503488"></trkpt>
      <trkpt lat="43.2009857987994" lon="-3.96711772397289"></trkpt>
      <trkpt lat="43.2012534188324" lon="-3.967103724388058"></trkpt>
      <trkpt lat="43.20127918847766" lon="-3.96709737069094"></trkpt>
      <trkpt lat="43.20157215526446" lon="-3.967056008225847"></trkpt>
      <trkpt lat="43.20157994240765" lon="-3.967050051205719"></trkpt>
      <trkpt lat="43.20171847732047" lon="-3.967076026222007"></trkpt>
      <trkpt lat="43.2017986803716" lon="-3.967201428534941"></trkpt>
      <trkpt lat="43.20198814987349" lon="-3.967587245556712"></trkpt>
      <trkpt lat="43.20202332931498" lon="-3.96787262588587"></trkpt>
      <trkpt lat="43.20202818169682" lon="-3.967896843875623"></trkpt>
      <trkpt lat="43.20209742209256" lon="-3.968362451054586"></trkpt>
      <trkpt lat="43.20212767034892" lon="-3.968626031333569"></trkpt>
      <trkpt lat="43.20211813167726" lon="-3.968644956027031"></trkpt>
      <trkpt lat="43.20209833187972" lon="-3.968658391122267"></trkpt>
      <trkpt lat="43.20188576661288" lon="-3.968944629113207"></trkpt>
      <trkpt lat="43.20171699272311" lon="-3.969242171018731"></trkpt>
      <trkpt lat="43.2015592152159" lon="-3.969366101337398"></trkpt>
      <trkpt lat="43.20154315176185" lon="-3.969357719724085"></trkpt>
      <trkpt lat="43.20119352030431" lon="-3.969114153836626"></trkpt>
      <trkpt lat="43.20100878443347" lon="-3.969013244121362"></trkpt>
      <trkpt lat="43.20099899498711" lon="-3.969011558477487"></trkpt>
      <trkpt lat="43.2006808026859" lon="-3.969038549374935"></trkpt>
      <trkpt lat="43.20057966632059" lon="-3.969136409083411"></trkpt>
      <trkpt lat="43.20054363075734" lon="-3.969468025286659"></trkpt>
      <trkpt lat="43.20083045207847" lon="-3.96975157126028"></trkpt>
      <trkpt lat="43.20095038445715" lon="-3.970076570648401"></trkpt>
      <trkpt lat="43.20088048642495" lon="-3.970319913818315"></trkpt>
      <trkpt lat="43.20059684247997" lon="-3.970532960510663"></trkpt>
      <trkpt lat="43.20056373402345" lon="-3.970541991481464"></trkpt>
      <trkpt lat="43.20031912400079" lon="-3.970770178745329"></trkpt>
      <trkpt lat="43.20029247002864" lon="-3.970797949161486"></trkpt>
      <trkpt lat="43.20007339090828" lon="-3.971081714335004"></trkpt>
      <trkpt lat="43.199895893398" lon="-3.971571670168829"></trkpt>
      <trkpt lat="43.1998257617869" lon="-3.972095135510552"></trkpt>
      <trkpt lat="43.19981040992179" lon="-3.972583665341061"></trkpt>
      <trkpt lat="43.1999581215282" lon="-3.973000897803181"></trkpt>
      <trkpt lat="43.20010919463035" lon="-3.973611517787687"></trkpt>
      <trkpt lat="43.2002989842724" lon="-3.974045951347613"></trkpt>
      <trkpt lat="43.20051801685861" lon="-3.974406343992849"></trkpt>
      <trkpt lat="43.20072213838816" lon="-3.974744077445254"></trkpt>
      <trkpt lat="43.20087331747219" lon="-3.975247347846147"></trkpt>
      <trkpt lat="43.20060747401875" lon="-3.975630034805699"></trkpt>
      <trkpt lat="43.20019541995673" lon="-3.975828895668076"></trkpt>
      <trkpt lat="43.19986391046963" lon="-3.975756496947937"></trkpt>
      <trkpt lat="43.19983230154222" lon="-3.975724726272966"></trkpt>
      <trkpt lat="43.19955006368281" lon="-3.975302473420083"></trkpt>
      <trkpt lat="43.19954155913351" lon="-3.975247843850535"></trkpt>
      <trkpt lat="43.19948994613878" lon="-3.97482817669206"></trkpt>
      <trkpt lat="43.19937742556613" lon="-3.974495275016334"></trkpt>
      <trkpt lat="43.19917751258411" lon="-3.974316727818987"></trkpt>
      <trkpt lat="43.19899456392513" lon="-3.974158327575705"></trkpt>
      <trkpt lat="43.19879336222956" lon="-3.973735157151514"></trkpt>
      <trkpt lat="43.19878722704254" lon="-3.97370139569852"></trkpt>
      <trkpt lat="43.19868958161822" lon="-3.973509736684431"></trkpt>
      <trkpt lat="43.19839284657917" lon="-3.973490277465764"></trkpt>
      <trkpt lat="43.19818976573599" lon="-3.973603295658819"></trkpt>
      <trkpt lat="43.1976981731545" lon="-3.973734316942271"></trkpt>
      <trkpt lat="43.19746045369263" lon="-3.973811388714775"></trkpt>
      <trkpt lat="43.19720047447822" lon="-3.973295565572146"></trkpt>
      <trkpt lat="43.19704751654936" lon="-3.972848820997142"></trkpt>
      <trkpt lat="43.19697465898268" lon="-3.972281265864961"></trkpt>
      <trkpt lat="43.19686631188232" lon="-3.971827007645131"></trkpt>
      <trkpt lat="43.19677517415067" lon="-3.971298607342688"></trkpt>
      <trkpt lat="43.19666656420535" lon="-3.971124852615971"></trkpt>
      <trkpt lat="43.19630375936285" lon="-3.970984995599354"></trkpt>
      <trkpt lat="43.1959076993462" lon="-3.97098429444367"></trkpt>
      <trkpt lat="43.19557589184122" lon="-3.970935357176092"></trkpt>
      <trkpt lat="43.19528284545539" lon="-3.970588792973047"></trkpt>
      <trkpt lat="43.19505913913746" lon="-3.970339425529242"></trkpt>
      <trkpt lat="43.19472044910175" lon="-3.970107040317259"></trkpt>
      <trkpt lat="43.19469207367344" lon="-3.970093152009895"></trkpt>
      <trkpt lat="43.19434378181699" lon="-3.970021260064328"></trkpt>
      <trkpt lat="43.19401917824719" lon="-3.96965066786492"></trkpt>
      <trkpt lat="43.19384002134475" lon="-3.96938311293285"></trkpt>
      <trkpt lat="43.19359468141913" lon="-3.969536705287515"></trkpt>
      <trkpt lat="43.19348815288494" lon="-3.969923814608074"></trkpt>
      <trkpt lat="43.19318854696495" lon="-3.96967157961707"></trkpt>
      <trkpt lat="43.193067015603" lon="-3.969396448294385"></trkpt>
      <trkpt lat="43.19330483934861" lon="-3.969201530034932"></trkpt>
      <trkpt lat="43.19369675248792" lon="-3.968954068679186"></trkpt>
      <trkpt lat="43.1940751584578" lon="-3.968489818972309"></trkpt>
      <trkpt lat="43.19445986839214" lon="-3.968253952811506"></trkpt>
      <trkpt lat="43.19451772867645" lon="-3.968219398762654"></trkpt>
      <trkpt lat="43.1949836492864" lon="-3.968054644732295"></trkpt>
      <trkpt lat="43.19541445131569" lon="-3.9678579842949"></trkpt>
      <trkpt lat="43.19545141504162" lon="-3.967876207501214"></trkpt>
      <trkpt lat="43.19565032963704" lon="-3.967551301119046"></trkpt>
      <trkpt lat="43.19566898275736" lon="-3.967523661097534"></trkpt>
      <trkpt lat="43.19569580833461" lon="-3.967460064552854"></trkpt>
      <trkpt lat="43.19590093110063" lon="-3.966969452978237"></trkpt>
      <trkpt lat="43.19591482512829" lon="-3.966928981969953"></trkpt>
      <trkpt lat="43.19613254886647" lon="-3.96663349807628"></trkpt>
      <trkpt lat="43.19616813126792" lon="-3.966588991734877"></trkpt>
      <trkpt lat="43.1965756563845" lon="-3.966362331791713"></trkpt>
      <trkpt lat="43.19660661115212" lon="-3.966358154981925"></trkpt>
      <trkpt lat="43.19704102826113" lon="-3.966328012390412"></trkpt>
      <trkpt lat="43.1970763934638" lon="-3.966360242547435"></trkpt>
      <trkpt lat="43.19726428795462" lon="-3.966727054745491"></trkpt>
      <trkpt lat="43.19729810514545" lon="-3.967374748898273"></trkpt>
      <trkpt lat="43.1972144199316" lon="-3.967798886005538"></trkpt>
      <trkpt lat="43.1974392102985" lon="-3.968316823064759"></trkpt>
      <trkpt lat="43.1974421495902" lon="-3.968327334579508"></trkpt>
      <trkpt lat="43.19774724157731" lon="-3.968567686369688"></trkpt>
      <trkpt lat="43.19789817800771" lon="-3.969011163644441"></trkpt>
      <trkpt lat="43.19723376933442" lon="-3.969362372466416"></trkpt>
      <trkpt lat="43.19692560563659" lon="-3.969843481681253"></trkpt>
      <trkpt lat="43.19667610795648" lon="-3.970289314208709"></trkpt>
      <trkpt lat="43.19688616328531" lon="-3.971139496080303"></trkpt>
      <trkpt lat="43.19733082730801" lon="-3.971502418733622"></trkpt>
      <trkpt lat="43.1973902500464" lon="-3.971502585834426"></trkpt>
      <trkpt lat="43.19788546424013" lon="-3.971724683366171"></trkpt>
      <trkpt lat="43.19859744969416" lon="-3.971836754582029"></trkpt>
      <trkpt lat="43.19924116544597" lon="-3.972058171080735"></trkpt>
      <trkpt lat="43.20006356721111" lon="-3.972262031814279"></trkpt>
      <trkpt lat="43.2006350711205" lon="-3.972211165496951"></trkpt>
      <trkpt lat="43.20118523852043" lon="-3.972408797528081"></trkpt>
      <trkpt lat="43.20155335093876" lon="-3.972920929053558"></trkpt>
      <trkpt lat="43.20160327168083" lon="-3.972970903152617"></trkpt>
      <trkpt lat="43.20229630679498" lon="-3.973761976717471"></trkpt>
      <trkpt lat="43.20324491117531" lon="-3.973295829744679"></trkpt>
      <trkpt lat="43.2033224260957" lon="-3.973194561869414"></trkpt>
      <trkpt lat="43.20396971683174" lon="-3.97276286332845"></trkpt>
      <trkpt lat="43.20400716517257" lon="-3.972757862905074"></trkpt>
      <trkpt lat="43.20491645018316" lon="-3.972689908682845"></trkpt>
      <trkpt lat="43.2049821661497" lon="-3.972702737710925"></trkpt>
      <trkpt lat="43.20576642388427" lon="-3.97283174040687"></trkpt>
      <trkpt lat="43.20606438803638" lon="-3.97342452940319"></trkpt>
      <trkpt lat="43.20558085108446" lon="-3.97422158301766"></trkpt>
      <trkpt lat="43.20555738304287" lon="-3.974257249478125"></trkpt>
      <trkpt lat="43.20524167476334" lon="-3.974872374528771"></trkpt>
      <trkpt lat="43.20487579550685" lon="-3.975389589730518"></trkpt>
      <trkpt lat="43.20459527526737" lon="-3.975811467117173"></trkpt>
      <trkpt lat="43.20416288915376" lon="-3.976305908078717"></trkpt>
      <trkpt lat="43.20401565751975" lon="-3.976857580388081"></trkpt>
      <trkpt lat="43.20400169007306" lon="-3.977496780937972"></trkpt>
      <trkpt lat="43.20457110102257" lon="-3.977882456710589"></trkpt>
      <trkpt lat="43.20517914261766" lon="-3.978412545517329"></trkpt>
      <trkpt lat="43.20555385091294" lon="-3.979213888743025"></trkpt>
      <trkpt lat="43.20586534181657" lon="-3.979494665648521"></trkpt>
      <trkpt lat="43.20623146614033" lon="-3.979527224846828"></trkpt>
      <trkpt lat="43.20666953702577" lon="-3.979443330050868"></trkpt>
      <trkpt lat="43.20699685371873" lon="-3.979529873992141"></trkpt>
      <trkpt lat="43.20743037593027" lon="-3.980188344893996"></trkpt>
      <trkpt lat="43.20769966203029" lon="-3.98044051284012"></trkpt>
      <trkpt lat="43.20862765309019" lon="-3.980794009346487"></trkpt>
      <trkpt lat="43.20947855603281" lon="-3.981598727249041"></trkpt>
      <trkpt lat="43.21069631960042" lon="-3.982741276199361"></trkpt>
      <trkpt lat="43.21140116138107" lon="-3.983064715909856"></trkpt>
      <trkpt lat="43.21208103763029" lon="-3.983306836151931"></trkpt>
      <trkpt lat="43.21255526063958" lon="-3.983592647825379"></trkpt>
      <trkpt lat="43.21282733141359" lon="-3.984041309921614"></trkpt>
      <trkpt lat="43.21283933018133" lon="-3.984062773418674"></trkpt>
      <trkpt lat="43.21311475808827" lon="-3.984411599151433"></trkpt>
      <trkpt lat="43.2136794421976" lon="-3.984833911464333"></trkpt>
      <trkpt lat="43.21531754551634" lon="-3.985696409071577"></trkpt>
      <trkpt lat="43.21652630470507" lon="-3.98630604124582"></trkpt>
      <trkpt lat="43.21772461344887" lon="-3.986732365916335"></trkpt>
      <trkpt lat="43.2188674386751" lon="-3.98744720570292"></trkpt>
      <trkpt lat="43.21891571440647" lon="-3.98744168585605"></trkpt>
      <trkpt lat="43.22005058964792" lon="-3.988052642981491"></trkpt>
      <trkpt lat="43.22016774629772" lon="-3.988116978776702"></trkpt>
      <trkpt lat="43.221176948842" lon="-3.988951734154283"></trkpt>
      <trkpt lat="43.22223376981741" lon="-3.989555935576627"></trkpt>
      <trkpt lat="43.22280137235789" lon="-3.989840764289653"></trkpt>
      <trkpt lat="43.22314433991163" lon="-3.989736366209822"></trkpt>
      <trkpt lat="43.22328850827031" lon="-3.989583488382414"></trkpt>
      <trkpt lat="43.22362278215591" lon="-3.98959462169086"></trkpt>
      <trkpt lat="43.22363822296006" lon="-3.989597962005234"></trkpt>
      <trkpt lat="43.22391197268357" lon="-3.989663241819988"></trkpt>
      <trkpt lat="43.22414971123472" lon="-3.990067996827349"></trkpt>
      <trkpt lat="43.2241524118419" lon="-3.990088464480391"></trkpt>
      <trkpt lat="43.22411019551228" lon="-3.99070952046621"></trkpt>
      <trkpt lat="43.22414865495556" lon="-3.991295989313766"></trkpt>
      <trkpt lat="43.22468285634708" lon="-3.992332784866457"></trkpt>
      <trkpt lat="43.22469532085232" lon="-3.992347398706865"></trkpt>
      <trkpt lat="43.22515477151314" lon="-3.993222467268836"></trkpt>
      <trkpt lat="43.22574704276225" lon="-3.993644143037509"></trkpt>
      <trkpt lat="43.22678057371321" lon="-3.994198366457167"></trkpt>
      <trkpt lat="43.22755146628551" lon="-3.994470248892112"></trkpt>
      <trkpt lat="43.227767094036" lon="-3.994714169340941"></trkpt>
      <trkpt lat="43.22784515141168" lon="-3.994797069177847"></trkpt>
      <trkpt lat="43.22830804937598" lon="-3.995234801078343"></trkpt>
      <trkpt lat="43.22867098650079" lon="-3.995444589742704"></trkpt>
      <trkpt lat="43.22921842465441" lon="-3.995719224880815"></trkpt>
      <trkpt lat="43.22950676144961" lon="-3.995783926714686"></trkpt>
      <trkpt lat="43.23054991932027" lon="-3.995270821755235"></trkpt>
      <trkpt lat="43.23059556893971" lon="-3.995235758701824"></trkpt>
      <trkpt lat="43.23069023622278" lon="-3.995130134195573"></trkpt>
      <trkpt lat="43.23138934126819" lon="-3.994441954712054"></trkpt>
      <trkpt lat="43.23180930597549" lon="-3.99404971259133"></trkpt>
      <trkpt lat="43.23210420554771" lon="-3.993269844828542"></trkpt>
      <trkpt lat="43.23211348365091" lon="-3.99317672455536"></trkpt>
      <trkpt lat="43.23225326185897" lon="-3.992462723322172"></trkpt>
      <trkpt lat="43.23255991288185" lon="-3.991866903519716"></trkpt>
      <trkpt lat="43.23280681240212" lon="-3.991518335939107"></trkpt>
      <trkpt lat="43.23294193787864" lon="-3.991454149310375"></trkpt>
      <trkpt lat="43.23324487137911" lon="-3.991676187439788"></trkpt>
      <trkpt lat="43.23349373009554" lon="-3.991865054195133"></trkpt>
      <trkpt lat="43.2337373771827" lon="-3.99194492094042"></trkpt>
      <trkpt lat="43.23396191120403" lon="-3.991776770311879"></trkpt>
      <trkpt lat="43.23419929894743" lon="-3.991611438343093"></trkpt>
      <trkpt lat="43.23452862231227" lon="-3.991505552915997"></trkpt>
      <trkpt lat="43.23455641074121" lon="-3.991500852943176"></trkpt>
      <trkpt lat="43.23524700697163" lon="-3.991590636618101"></trkpt>
      <trkpt lat="43.23533112223946" lon="-3.99157438455016"></trkpt>
      <trkpt lat="43.23620054346209" lon="-3.991498082365529"></trkpt>
      <trkpt lat="43.23624873051673" lon="-3.991485972192264"></trkpt>
      <trkpt lat="43.23707791603293" lon="-3.991316393849187"></trkpt>
      <trkpt lat="43.23744080147776" lon="-3.991024019258559"></trkpt>
      <trkpt lat="43.2379776465395" lon="-3.991050607447399"></trkpt>
      <trkpt lat="43.23820244142879" lon="-3.991543458996402"></trkpt>
      <trkpt lat="43.23852062980797" lon="-3.992136184160612"></trkpt>
      <trkpt lat="43.23897884495921" lon="-3.99239903117012"></trkpt>
      <trkpt lat="43.23898617514554" lon="-3.992396210561004"></trkpt>
      <trkpt lat="43.23946479037794" lon="-3.992591152495668"></trkpt>
      <trkpt lat="43.23967798971289" lon="-3.992934798835852"></trkpt>
      <trkpt lat="43.23934593574334" lon="-3.993114365152199"></trkpt>
      <trkpt lat="43.23912670072561" lon="-3.9933356551933"></trkpt>
      <trkpt lat="43.23883680337977" lon="-3.993621820147863"></trkpt>
      <trkpt lat="43.23862526534639" lon="-3.993819696952384"></trkpt>
      <trkpt lat="43.23861289767689" lon="-3.993827386598654"></trkpt>
      <trkpt lat="43.23823004590696" lon="-3.994229659706589"></trkpt>
      <trkpt lat="43.23795541053882" lon="-3.99444435048994"></trkpt>
      <trkpt lat="43.23794839570979" lon="-3.994445741851875"></trkpt>
      <trkpt lat="43.23749976648841" lon="-3.994745948906021"></trkpt>
      <trkpt lat="43.23714148507881" lon="-3.994934710810928"></trkpt>
      <trkpt lat="43.23694495160738" lon="-3.995068938825211"></trkpt>
      <trkpt lat="43.23662418495605" lon="-3.995427271675693"></trkpt>
      <trkpt lat="43.23629790861794" lon="-3.995843014418855"></trkpt>
      <trkpt lat="43.23615157100694" lon="-3.996275568127616"></trkpt>
      <trkpt lat="43.23615342175248" lon="-3.996290366396946"></trkpt>
      <trkpt lat="43.23629903327696" lon="-3.996981010066321"></trkpt>
      <trkpt lat="43.23634500836111" lon="-3.998094153420952"></trkpt>
      <trkpt lat="43.23603904873264" lon="-3.998686012379885"></trkpt>
      <trkpt lat="43.23523610759332" lon="-3.999702413744298"></trkpt>
      <trkpt lat="43.23469665788017" lon="-4.000255500135335"></trkpt>
      <trkpt lat="43.23406084863893" lon="-4.000888155916727"></trkpt>
      <trkpt lat="43.23345973098839" lon="-4.001226253737568"></trkpt>
      <trkpt lat="43.23343444888197" lon="-4.001234359789537"></trkpt>
      <trkpt lat="43.23280184524972" lon="-4.00185593397349"></trkpt>
      <trkpt lat="43.23205220637629" lon="-4.002477693357688"></trkpt>
      <trkpt lat="43.23197593697913" lon="-4.002514749052811"></trkpt>
      <trkpt lat="43.23137525336255" lon="-4.002937057733137"></trkpt>
      <trkpt lat="43.23043645556113" lon="-4.003053772543124"></trkpt>
      <trkpt lat="43.22987469687881" lon="-4.003041147192119"></trkpt>
      <trkpt lat="43.22984886957888" lon="-4.003040528527979"></trkpt>
      <trkpt lat="43.22938798146124" lon="-4.003094321800456"></trkpt>
      <trkpt lat="43.22933617396147" lon="-4.003064867182941"></trkpt>
      <trkpt lat="43.22879195376721" lon="-4.003041446919092"></trkpt>
      <trkpt lat="43.22875735147118" lon="-4.003019919715892"></trkpt>
      <trkpt lat="43.22872043998564" lon="-4.003012880892408"></trkpt>
      <trkpt lat="43.22834293816125" lon="-4.002927364085313"></trkpt>
      <trkpt lat="43.22830718031863" lon="-4.002921564399081"></trkpt>
      <trkpt lat="43.22793261313998" lon="-4.002786710483797"></trkpt>
      <trkpt lat="43.22789340734" lon="-4.002789396439125"></trkpt>
      <trkpt lat="43.22768683519825" lon="-4.002730771149063"></trkpt>
      <trkpt lat="43.22766083863574" lon="-4.002743954769928"></trkpt>
      <trkpt lat="43.22756083798043" lon="-4.002954932878421"></trkpt>
      <trkpt lat="43.22756525018473" lon="-4.002986653613799"></trkpt>
      <trkpt lat="43.22757746209813" lon="-4.003082642971512"></trkpt>
      <trkpt lat="43.22772731410311" lon="-4.003722749141151"></trkpt>
      <trkpt lat="43.22774555463369" lon="-4.003771580281223"></trkpt>
      <trkpt lat="43.22800216507868" lon="-4.004403387662695"></trkpt>
      <trkpt lat="43.22802295270044" lon="-4.004458586020459"></trkpt>
      <trkpt lat="43.22823766515287" lon="-4.005202587457678"></trkpt>
      <trkpt lat="43.22825520640936" lon="-4.006181183567245"></trkpt>
      <trkpt lat="43.22833380143272" lon="-4.007092182902603"></trkpt>
      <trkpt lat="43.22832360488621" lon="-4.00715353579441"></trkpt>
      <trkpt lat="43.22828698621895" lon="-4.007967441566029"></trkpt>
      <trkpt lat="43.22827369943412" lon="-4.007982418680128"></trkpt>
      <trkpt lat="43.22801246952498" lon="-4.008571433549527"></trkpt>
      <trkpt lat="43.22800695264787" lon="-4.008584663051511"></trkpt>
      <trkpt lat="43.22773648637148" lon="-4.009070760669958"></trkpt>
      <trkpt lat="43.22770792260874" lon="-4.009100648805425"></trkpt>
      <trkpt lat="43.22739055916162" lon="-4.00963665518023"></trkpt>
      <trkpt lat="43.22738272171141" lon="-4.009641160703154"></trkpt>
      <trkpt lat="43.22716072028042" lon="-4.010614833031449"></trkpt>
      <trkpt lat="43.22738358476628" lon="-4.011893224514931"></trkpt>
      <trkpt lat="43.22740573062407" lon="-4.011913340630774"></trkpt>
      <trkpt lat="43.22783146682619" lon="-4.012753684088084"></trkpt>
      <trkpt lat="43.22785435521663" lon="-4.01276965879714"></trkpt>
      <trkpt lat="43.22835638067649" lon="-4.013649629821567"></trkpt>
      <trkpt lat="43.22880756365146" lon="-4.014391312023472"></trkpt>
      <trkpt lat="43.22910237902984" lon="-4.015436055882536"></trkpt>
      <trkpt lat="43.22912164314323" lon="-4.015549401215505"></trkpt>
      <trkpt lat="43.22935763792592" lon="-4.016853113192161"></trkpt>
      <trkpt lat="43.22821869589888" lon="-4.017634345910817"></trkpt>
      <trkpt lat="43.22817505616771" lon="-4.017663710093982"></trkpt>
      <trkpt lat="43.22741698151016" lon="-4.018796229690675"></trkpt>
      <trkpt lat="43.22735967416504" lon="-4.018830802165137"></trkpt>
      <trkpt lat="43.22631544126831" lon="-4.019648936449607"></trkpt>
      <trkpt lat="43.22487049297744" lon="-4.021112604400598"></trkpt>
      <trkpt lat="43.22381131638232" lon="-4.022225452612039"></trkpt>
      <trkpt lat="43.22372475927772" lon="-4.022304843975412"></trkpt>
      <trkpt lat="43.222399374685" lon="-4.02340686090997"></trkpt>
      <trkpt lat="43.2223320432267" lon="-4.023429031797755"></trkpt>
      <trkpt lat="43.22110983986396" lon="-4.024316833329685"></trkpt>
      <trkpt lat="43.22006194486575" lon="-4.025913386428222"></trkpt>
      <trkpt lat="43.2186304584931" lon="-4.026194649910336"></trkpt>
      <trkpt lat="43.2172112511685" lon="-4.026248892222658"></trkpt>
      <trkpt lat="43.21543090832507" lon="-4.026616208583736"></trkpt>
      <trkpt lat="43.21537945692934" lon="-4.026638164634213"></trkpt>
      <trkpt lat="43.21408629539771" lon="-4.02736951910113"></trkpt>
      <trkpt lat="43.21394383993392" lon="-4.027488714330008"></trkpt>
      <trkpt lat="43.212249044376" lon="-4.028641231522379"></trkpt>
      <trkpt lat="43.21216357094743" lon="-4.028678577383833"></trkpt>
      <trkpt lat="43.2109734023446" lon="-4.029190013571084"></trkpt>
      <trkpt lat="43.21087161389271" lon="-4.02922820214028"></trkpt>
      <trkpt lat="43.20994929259984" lon="-4.029705720683917"></trkpt>
      <trkpt lat="43.20970377116635" lon="-4.029857109744874"></trkpt>
      <trkpt lat="43.20938230532683" lon="-4.030048382236489"></trkpt>
    </trkseg>
  </trk>
</gpx>